,state,area,old_year,new_year,old_number,new_number,perc_change
0,South Carolina,"Spartanburg, SC",2021,2025,37.2,41.0,0.10215053763440851
1,South Carolina,"Spartanburg, SC",2016,2020,29.9,37.0,0.23745819397993317
2,South Carolina,"Spartanburg, SC",2011,2015,26.4,29.0,0.09848484848484855
3,Texas,"Dallas-Fort Worth-Arlington, TX",2021,2025,292.6,307.6,0.05126452494873547
4,Texas,"Dallas-Fort Worth-Arlington, TX",2016,2020,266.6,281.5,0.05588897224306068
5,Texas,"Dallas-Fort Worth-Arlington, TX",2011,2015,260.4,262.6,0.008448540706605398
6,Alaska,"Fairbanks-College, AK",2021,2025,0.5,0.7,0.3999999999999999
7,Alaska,"Fairbanks-College, AK",2016,2020,0.6,0.4,-0.33333333333333326
8,Alaska,"Fairbanks-College, AK",2011,2015,0.5,0.6,0.19999999999999996
9,Florida,"Pensacola-Ferry Pass-Brent, FL",2021,2025,7.2,6.9,-0.041666666666666644
10,Florida,"Pensacola-Ferry Pass-Brent, FL",2016,2020,6.2,6.9,0.11290322580645164
11,Florida,"Pensacola-Ferry Pass-Brent, FL",2011,2015,5.6,6.2,0.10714285714285725
12,Texas,"Lubbock, TX",2021,2025,5.1,5.3,0.03921568627450984
13,Texas,"Lubbock, TX",2016,2020,5.1,4.9,-0.039215686274509665
14,Texas,"Lubbock, TX",2011,2015,5.2,5.1,-0.019230769230769332
15,Florida,"Orlando-Kissimmee-Sanford, FL",2021,2025,51.9,52.0,0.0019267822736031104
16,Florida,"Orlando-Kissimmee-Sanford, FL",2016,2020,43.2,48.7,0.1273148148148148
17,Florida,"Orlando-Kissimmee-Sanford, FL",2011,2015,37.8,41.9,0.10846560846560852
18,North Dakota,"Bismarck, ND",2021,2025,2.8,2.9,0.03571428571428575
19,North Dakota,"Bismarck, ND",2016,2020,1.9,2.6,0.36842105263157904
20,North Dakota,"Bismarck, ND",2011,2015,2.1,2.3,0.09523809523809511
21,Missouri,"Springfield, MO",2021,2025,18.8,19.4,0.03191489361702116
22,Missouri,"Springfield, MO",2016,2020,15.1,17.4,0.15231788079470193
23,Missouri,"Springfield, MO",2011,2015,13.8,14.9,0.0797101449275362
24,Tennessee,"Morristown, TN",2021,2025,12.1,12.5,0.03305785123966945
25,Tennessee,"Morristown, TN",2016,2020,11.2,12.0,0.0714285714285715
26,Tennessee,"Morristown, TN",2011,2015,9.6,10.9,0.13541666666666674
27,Iowa,"Cedar Rapids, IA",2021,2025,19.7,19.7,0.0
28,Iowa,"Cedar Rapids, IA",2016,2020,19.4,19.4,0.0
29,Iowa,"Cedar Rapids, IA",2011,2015,21.3,19.6,-0.07981220657276991
30,Louisiana,"Lafayette, LA",2021,2025,12.1,14.8,0.22314049586776868
31,Louisiana,"Lafayette, LA",2016,2020,11.4,10.7,-0.06140350877192992
32,Louisiana,"Lafayette, LA",2011,2015,12.8,13.0,0.015624999999999944
33,North Dakota,"Grand Forks, ND-MN",2021,2025,3.9,4.9,0.25641025641025655
34,North Dakota,"Grand Forks, ND-MN",2016,2020,4.2,3.9,-0.0714285714285715
35,North Dakota,"Grand Forks, ND-MN",2011,2015,3.5,3.9,0.11428571428571425
36,Washington,"Olympia-Lacey-Tumwater, WA",2021,2025,3.3,3.3,0.0
37,Washington,"Olympia-Lacey-Tumwater, WA",2016,2020,3.1,3.1,0.0
38,Washington,"Olympia-Lacey-Tumwater, WA",2011,2015,2.6,2.9,0.11538461538461531
39,Colorado,"Colorado Springs, CO",2021,2025,11.9,12.1,0.01680672268907557
40,Colorado,"Colorado Springs, CO",2016,2020,11.5,11.5,0.0
41,Colorado,"Colorado Springs, CO",2011,2015,11.9,11.7,-0.01680672268907572
42,Alaska,"Anchorage, AK",2021,2025,2.2,2.4,0.09090909090909079
43,Alaska,"Anchorage, AK",2016,2020,2.1,2.1,0.0
44,Alaska,"Anchorage, AK",2011,2015,2.4,2.1,-0.12499999999999993
45,Oregon,"Corvallis, OR",2021,2025,3.0,2.6,-0.1333333333333333
46,Oregon,"Corvallis, OR",2016,2020,2.7,2.9,0.07407407407407397
47,Oregon,"Corvallis, OR",2011,2015,3.3,2.8,-0.15151515151515152
48,Colorado,"Pueblo, CO",2021,2025,4.4,5.1,0.15909090909090892
49,Colorado,"Pueblo, CO",2016,2020,4.0,4.3,0.07499999999999996
50,Colorado,"Pueblo, CO",2011,2015,4.2,4.3,0.023809523809523725
51,Nevada,"Reno, NV",2021,2025,30.6,30.3,-0.009803921568627473
52,Nevada,"Reno, NV",2016,2020,16.9,27.4,0.6213017751479291
53,Nevada,"Reno, NV",2011,2015,13.2,15.6,0.18181818181818185
54,West Virginia,"Wheeling, WV-OH",2021,2025,3.0,3.0,0.0
55,West Virginia,"Wheeling, WV-OH",2016,2020,3.0,3.0,0.0
56,West Virginia,"Wheeling, WV-OH",2011,2015,3.7,3.1,-0.16216216216216217
57,Indiana,"Elkhart-Goshen, IN",2021,2025,75.6,59.7,-0.2103174603174602
58,Indiana,"Elkhart-Goshen, IN",2016,2020,65.7,68.0,0.03500761035007606
59,Indiana,"Elkhart-Goshen, IN",2011,2015,47.5,62.0,0.30526315789473685
60,Michigan,"Kalamazoo-Portage, MI",2021,2025,20.1,22.0,0.09452736318407952
61,Michigan,"Kalamazoo-Portage, MI",2016,2020,19.4,19.3,-0.005154639175257623
62,Michigan,"Kalamazoo-Portage, MI",2011,2015,15.9,18.9,0.18867924528301874
63,Florida,"Port St. Lucie, FL",2021,2025,8.0,8.6,0.07499999999999996
64,Florida,"Port St. Lucie, FL",2016,2020,6.7,7.5,0.11940298507462684
65,Florida,"Port St. Lucie, FL",2011,2015,5.1,6.5,0.2745098039215687
66,California,"Vallejo, CA",2021,2025,11.0,10.8,-0.01818181818181812
67,California,"Vallejo, CA",2016,2020,10.3,10.7,0.03883495145631054
68,California,"Vallejo, CA",2011,2015,8.4,10.1,0.2023809523809523
69,Connecticut,"Waterbury-Shelton, CT",2021,2025,19.7,17.6,-0.1065989847715735
70,Connecticut,"Waterbury-Shelton, CT",2016,2020,21.0,19.3,-0.08095238095238091
71,Connecticut,"Waterbury-Shelton, CT",2011,2015,21.8,21.1,-0.03211009174311923
72,Ohio,"Canton-Massillon, OH",2021,2025,25.0,24.9,-0.0040000000000000565
73,Ohio,"Canton-Massillon, OH",2016,2020,26.9,25.3,-0.059479553903345646
74,Ohio,"Canton-Massillon, OH",2011,2015,26.7,28.2,0.056179775280898875
75,Maine,"Portland-South Portland, ME",2021,2025,27.9,26.6,-0.046594982078852945
76,Maine,"Portland-South Portland, ME",2016,2020,24.6,26.6,0.08130081300813008
77,Maine,"Portland-South Portland, ME",2011,2015,22.8,24.0,0.05263157894736839
78,California,"El Centro, CA",2021,2025,2.3,2.1,-0.08695652173913032
79,California,"El Centro, CA",2016,2020,1.2,2.0,0.6666666666666667
80,California,"El Centro, CA",2011,2015,2.8,1.1,-0.6071428571428571
81,California,"Visalia, CA",2021,2025,13.3,12.7,-0.04511278195488732
82,California,"Visalia, CA",2016,2020,12.9,12.7,-0.015503875968992331
83,California,"Visalia, CA",2011,2015,11.3,12.4,0.09734513274336279
84,Florida,"North Port-Bradenton-Sarasota, FL",2021,2025,18.5,18.5,0.0
85,Florida,"North Port-Bradenton-Sarasota, FL",2016,2020,16.9,17.0,0.005917159763313694
86,Florida,"North Port-Bradenton-Sarasota, FL",2011,2015,14.2,16.4,0.1549295774647887
87,Colorado,"Denver-Aurora-Centennial, CO",2021,2025,71.4,65.2,-0.08683473389355746
88,Colorado,"Denver-Aurora-Centennial, CO",2016,2020,69.4,69.1,-0.004322766570605351
89,Colorado,"Denver-Aurora-Centennial, CO",2011,2015,62.4,68.9,0.10416666666666678
90,Oklahoma,"Oklahoma City, OK",2021,2025,34.2,36.1,0.05555555555555551
91,Oklahoma,"Oklahoma City, OK",2016,2020,33.1,31.4,-0.051359516616314285
92,Oklahoma,"Oklahoma City, OK",2011,2015,33.2,35.7,0.0753012048192771
93,South Carolina,"Sumter, SC",2021,2025,6.8,6.2,-0.08823529411764701
94,South Carolina,"Sumter, SC",2016,2020,6.6,6.7,0.015151515151515233
95,South Carolina,"Sumter, SC",2011,2015,6.0,6.6,0.09999999999999994
96,Wisconsin,"Oshkosh-Neenah, WI",2021,2025,21.2,20.5,-0.03301886792452827
97,Wisconsin,"Oshkosh-Neenah, WI",2016,2020,22.8,21.8,-0.043859649122807015
98,Wisconsin,"Oshkosh-Neenah, WI",2011,2015,24.9,22.3,-0.10441767068273085
99,Washington,"Longview-Kelso, WA",2021,2025,6.9,7.3,0.05797101449275354
100,Washington,"Longview-Kelso, WA",2016,2020,6.4,6.7,0.04687499999999997
101,Washington,"Longview-Kelso, WA",2011,2015,6.1,6.4,0.049180327868852576
102,Ohio,"Sandusky, OH",2021,2025,7.8,7.3,-0.06410256410256411
103,Ohio,"Sandusky, OH",2016,2020,8.1,7.5,-0.07407407407407403
104,Ohio,"Sandusky, OH",2011,2015,8.0,8.1,0.012499999999999956
105,California,"San Jose-Sunnyvale-Santa Clara, CA",2021,2025,129.5,120.2,-0.0718146718146718
106,California,"San Jose-Sunnyvale-Santa Clara, CA",2016,2020,138.3,123.9,-0.10412147505422997
107,California,"San Jose-Sunnyvale-Santa Clara, CA",2011,2015,144.0,140.6,-0.023611111111111152
108,Colorado,"Boulder, CO",2021,2025,21.9,21.2,-0.031963470319634674
109,Colorado,"Boulder, CO",2016,2020,18.1,20.5,0.13259668508287284
110,Colorado,"Boulder, CO",2011,2015,16.4,17.5,0.0670731707317074
111,Wisconsin,"Kenosha, WI",2021,2025,9.0,9.7,0.0777777777777777
112,Wisconsin,"Kenosha, WI",2016,2020,7.5,8.5,0.13333333333333333
113,Wisconsin,"Kenosha, WI",2011,2015,6.3,7.3,0.15873015873015872
114,New York,"Utica-Rome, NY",2021,2025,11.2,11.1,-0.008928571428571397
115,New York,"Utica-Rome, NY",2016,2020,11.6,10.2,-0.12068965517241383
116,New York,"Utica-Rome, NY",2011,2015,11.0,11.4,0.0363636363636364
117,Alabama,"Gadsden, AL",2021,2025,4.4,4.6,0.04545454545454529
118,Alabama,"Gadsden, AL",2016,2020,5.6,4.5,-0.19642857142857137
119,Alabama,"Gadsden, AL",2011,2015,5.0,5.5,0.1
120,Michigan,"Niles, MI",2021,2025,12.3,11.5,-0.06504065040650411
121,Michigan,"Niles, MI",2016,2020,13.2,11.6,-0.12121212121212119
122,Michigan,"Niles, MI",2011,2015,11.8,13.2,0.11864406779661005
123,Montana,"Billings, MT",2021,2025,4.1,4.1,0.0
124,Montana,"Billings, MT",2016,2020,4.1,4.0,-0.02439024390243894
125,Montana,"Billings, MT",2011,2015,3.7,4.0,0.08108108108108103
126,Massachusetts,"Boston-Cambridge-Newton, MA-NH",2021,2025,169.0,165.1,-0.02307692307692311
127,Massachusetts,"Boston-Cambridge-Newton, MA-NH",2016,2020,171.5,165.1,-0.0373177842565598
128,Massachusetts,"Boston-Cambridge-Newton, MA-NH",2011,2015,172.7,172.4,-0.0017371163867978168
129,California,"Salinas, CA",2021,2025,4.8,4.8,0.0
130,California,"Salinas, CA",2016,2020,5.1,4.5,-0.11764705882352935
131,California,"Salinas, CA",2011,2015,5.2,5.1,-0.019230769230769332
132,Puerto Rico,"San Juan-Bayamon-Caguas, PR",2021,2025,49.1,47.2,-0.03869653767820771
133,Puerto Rico,"San Juan-Bayamon-Caguas, PR",2016,2020,45.7,46.7,0.02188183807439825
134,Puerto Rico,"San Juan-Bayamon-Caguas, PR",2011,2015,52.2,46.2,-0.11494252873563218
135,South Carolina,"Greenville-Anderson-Greer, SC",2021,2025,59.5,60.2,0.01176470588235299
136,South Carolina,"Greenville-Anderson-Greer, SC",2016,2020,58.1,56.0,-0.03614457831325304
137,South Carolina,"Greenville-Anderson-Greer, SC",2011,2015,50.2,56.4,0.12350597609561743
138,Minnesota,"St. Cloud, MN",2021,2025,14.3,14.9,0.04195804195804193
139,Minnesota,"St. Cloud, MN",2016,2020,15.0,13.7,-0.08666666666666671
140,Minnesota,"St. Cloud, MN",2011,2015,15.0,15.0,0.0
141,Missouri,"Columbia, MO",2021,2025,5.7,5.7,0.0
142,Missouri,"Columbia, MO",2016,2020,3.8,5.1,0.3421052631578947
143,Missouri,"Columbia, MO",2011,2015,4.0,3.7,-0.07499999999999996
144,California,"Hanford-Corcoran, CA",2021,2025,4.4,4.4,0.0
145,California,"Hanford-Corcoran, CA",2016,2020,4.4,4.4,0.0
146,California,"Hanford-Corcoran, CA",2011,2015,4.2,4.5,0.07142857142857138
147,Pennsylvania,"State College, PA",2021,2025,4.5,4.5,0.0
148,Pennsylvania,"State College, PA",2016,2020,3.9,4.3,0.10256410256410255
149,Pennsylvania,"State College, PA",2011,2015,4.1,4.0,-0.02439024390243894
150,Alabama,"Birmingham, AL",2021,2025,38.4,40.6,0.05729166666666674
151,Alabama,"Birmingham, AL",2016,2020,37.3,37.1,-0.005361930294906053
152,Alabama,"Birmingham, AL",2011,2015,36.0,37.8,0.04999999999999992
153,Texas,"Sherman-Denison, TX",2021,2025,7.0,8.2,0.17142857142857132
154,Texas,"Sherman-Denison, TX",2016,2020,5.7,6.2,0.08771929824561403
155,Texas,"Sherman-Denison, TX",2011,2015,5.4,5.7,0.05555555555555552
156,Hawaii,"Kahului-Wailuku, HI",2021,2025,1.2,1.1,-0.08333333333333323
157,Hawaii,"Kahului-Wailuku, HI",2016,2020,1.2,0.9,-0.24999999999999994
158,Hawaii,"Kahului-Wailuku, HI",2011,2015,1.0,1.2,0.19999999999999996
159,Tennessee,"Nashville-Davidson--Murfreesboro--Franklin, TN",2021,2025,84.4,88.5,0.048578199052132634
160,Tennessee,"Nashville-Davidson--Murfreesboro--Franklin, TN",2016,2020,84.7,82.1,-0.030696576151121705
161,Tennessee,"Nashville-Davidson--Murfreesboro--Franklin, TN",2011,2015,68.0,80.1,0.17794117647058816
162,Texas,"Beaumont-Port Arthur, TX",2021,2025,19.2,21.9,0.14062499999999997
163,Texas,"Beaumont-Port Arthur, TX",2016,2020,21.6,19.7,-0.08796296296296306
164,Texas,"Beaumont-Port Arthur, TX",2011,2015,21.5,22.5,0.046511627906976744
165,Georgia,"Gainesville, GA",2021,2025,21.6,25.7,0.18981481481481471
166,Georgia,"Gainesville, GA",2016,2020,20.3,20.5,0.009852216748768438
167,Georgia,"Gainesville, GA",2011,2015,16.4,19.4,0.1829268292682927
168,Florida,"Ocala, FL",2021,2025,10.1,9.7,-0.03960396039603964
169,Florida,"Ocala, FL",2016,2020,7.9,9.8,0.24050632911392408
170,Florida,"Ocala, FL",2011,2015,6.5,7.8,0.19999999999999998
171,Montana,"Bozeman, MT",2021,2025,4.0,3.5,-0.125
172,Montana,"Bozeman, MT",2016,2020,3.4,3.8,0.11764705882352938
173,Montana,"Bozeman, MT",2011,2015,2.5,3.2,0.2800000000000001
174,Texas,"Tyler, TX",2021,2025,7.2,7.6,0.05555555555555548
175,Texas,"Tyler, TX",2016,2020,5.9,7.0,0.18644067796610161
176,Texas,"Tyler, TX",2011,2015,5.7,6.6,0.15789473684210517
177,Texas,"Odessa, TX",2021,2025,3.9,4.5,0.15384615384615388
178,Texas,"Odessa, TX",2016,2020,4.1,3.7,-0.09756097560975598
179,Texas,"Odessa, TX",2011,2015,5.1,4.6,-0.09803921568627452
180,Wisconsin,"Milwaukee-Waukesha, WI",2021,2025,113.6,110.2,-0.029929577464788658
181,Wisconsin,"Milwaukee-Waukesha, WI",2016,2020,118.1,111.0,-0.06011854360711257
182,Wisconsin,"Milwaukee-Waukesha, WI",2011,2015,118.5,120.1,0.013502109704641302
183,Tennessee,"Knoxville, TN",2021,2025,45.1,44.8,-0.006651884700665283
184,Tennessee,"Knoxville, TN",2016,2020,38.7,42.1,0.08785529715762269
185,Tennessee,"Knoxville, TN",2011,2015,35.5,36.3,0.022535211267605555
186,Florida,"Punta Gorda, FL",2021,2025,0.9,1.1,0.2222222222222223
187,Florida,"Punta Gorda, FL",2016,2020,0.8,0.8,0.0
188,Florida,"Punta Gorda, FL",2011,2015,0.6,0.8,0.3333333333333335
189,Wisconsin,"Fond du Lac, WI",2021,2025,11.2,9.5,-0.15178571428571422
190,Wisconsin,"Fond du Lac, WI",2016,2020,10.1,10.2,0.009900990099009866
191,Wisconsin,"Fond du Lac, WI",2011,2015,9.3,10.2,0.09677419354838694
192,California,"Yuba City, CA",2021,2025,2.1,2.3,0.09523809523809511
193,California,"Yuba City, CA",2016,2020,2.1,2.1,0.0
194,California,"Yuba City, CA",2011,2015,2.1,2.2,0.04761904761904766
195,Kentucky,"Paducah, KY-IL",2021,2025,2.5,2.7,0.08000000000000007
196,Kentucky,"Paducah, KY-IL",2016,2020,2.4,2.5,0.041666666666666706
197,Kentucky,"Paducah, KY-IL",2011,2015,2.9,2.7,-0.06896551724137923
198,Arizona,"Prescott Valley-Prescott, AZ",2021,2025,3.9,3.4,-0.12820512820512822
199,Arizona,"Prescott Valley-Prescott, AZ",2016,2020,3.8,3.7,-0.02631578947368412
200,Arizona,"Prescott Valley-Prescott, AZ",2011,2015,3.0,3.5,0.16666666666666666
201,Illinois,"Chicago-Naperville-Elgin, IL-IN",2021,2025,394.8,400.5,0.014437689969604834
202,Illinois,"Chicago-Naperville-Elgin, IL-IN",2016,2020,408.1,390.5,-0.04312668463611865
203,Illinois,"Chicago-Naperville-Elgin, IL-IN",2011,2015,406.3,409.4,0.007629830174747639
204,Michigan,"Traverse City, MI",2021,2025,5.8,5.9,0.01724137931034492
205,Michigan,"Traverse City, MI",2016,2020,6.2,5.6,-0.09677419354838718
206,Michigan,"Traverse City, MI",2011,2015,5.7,6.2,0.08771929824561403
207,Florida,"Tampa, FL Metropolitan Division",2021,2025,36.5,40.7,0.11506849315068501
208,Florida,"Tampa, FL Metropolitan Division",2016,2020,32.3,34.5,0.06811145510835923
209,Florida,"Tampa, FL Metropolitan Division",2011,2015,28.4,30.6,0.07746478873239447
210,Kentucky,"Louisville/Jefferson County, KY-IN",2021,2025,84.4,85.2,0.009478672985781957
211,Kentucky,"Louisville/Jefferson County, KY-IN",2016,2020,84.3,83.4,-0.010676156583629793
212,Kentucky,"Louisville/Jefferson County, KY-IN",2011,2015,65.6,81.3,0.239329268292683
213,Colorado,"Fort Collins-Loveland, CO",2021,2025,15.0,15.0,0.0
214,Colorado,"Fort Collins-Loveland, CO",2016,2020,13.4,14.0,0.044776119402985044
215,Colorado,"Fort Collins-Loveland, CO",2011,2015,11.3,13.3,0.17699115044247787
216,Wyoming,"Cheyenne, WY",2021,2025,1.2,1.2,0.0
217,Wyoming,"Cheyenne, WY",2016,2020,1.3,1.1,-0.1538461538461538
218,Wyoming,"Cheyenne, WY",2011,2015,1.4,1.3,-0.07142857142857134
219,California,"San Diego-Chula Vista-Carlsbad, CA",2021,2025,117.0,108.5,-0.07264957264957266
220,California,"San Diego-Chula Vista-Carlsbad, CA",2016,2020,109.3,113.0,0.03385178408051238
221,California,"San Diego-Chula Vista-Carlsbad, CA",2011,2015,97.4,107.9,0.10780287474332648
222,Tennessee,"Chattanooga, TN-GA",2021,2025,36.7,40.4,0.10081743869209797
223,Tennessee,"Chattanooga, TN-GA",2016,2020,32.4,34.0,0.04938271604938276
224,Tennessee,"Chattanooga, TN-GA",2011,2015,30.4,31.4,0.03289473684210526
225,Louisiana,"Monroe, LA",2021,2025,6.7,7.4,0.10447761194029853
226,Louisiana,"Monroe, LA",2016,2020,7.7,6.7,-0.12987012987012986
227,Louisiana,"Monroe, LA",2011,2015,7.8,7.9,0.01282051282051289
228,Alabama,"Anniston-Oxford, AL",2021,2025,6.6,6.9,0.04545454545454557
229,Alabama,"Anniston-Oxford, AL",2016,2020,6.4,6.5,0.015624999999999944
230,Alabama,"Anniston-Oxford, AL",2011,2015,5.7,6.1,0.07017543859649113
231,Texas,"McAllen-Edinburg-Mission, TX",2021,2025,7.4,7.3,-0.013513513513513585
232,Texas,"McAllen-Edinburg-Mission, TX",2016,2020,6.7,7.1,0.05970149253731335
233,Texas,"McAllen-Edinburg-Mission, TX",2011,2015,6.6,6.9,0.04545454545454557
234,Iowa,"Ames, IA",2021,2025,5.4,5.6,0.0370370370370369
235,Iowa,"Ames, IA",2016,2020,5.0,5.3,0.05999999999999996
236,Iowa,"Ames, IA",2011,2015,4.7,5.0,0.0638297872340425
237,Illinois,"Peoria, IL",2021,2025,22.2,21.7,-0.022522522522522525
238,Illinois,"Peoria, IL",2016,2020,20.5,21.0,0.024390243902439025
239,Illinois,"Peoria, IL",2011,2015,27.8,23.9,-0.14028776978417273
240,Georgia,"Athens-Clarke County, GA",2021,2025,6.5,7.1,0.09230769230769226
241,Georgia,"Athens-Clarke County, GA",2016,2020,6.9,6.2,-0.10144927536231886
242,Georgia,"Athens-Clarke County, GA",2011,2015,6.9,6.7,-0.028985507246376836
243,Florida,"Miami-Fort Lauderdale-West Palm Beach, FL",2021,2025,91.9,101.5,0.10446137105549504
244,Florida,"Miami-Fort Lauderdale-West Palm Beach, FL",2016,2020,89.1,88.8,-0.003367003367003335
245,Florida,"Miami-Fort Lauderdale-West Palm Beach, FL",2011,2015,77.5,87.5,0.12903225806451613
246,Pennsylvania,"Harrisburg-Carlisle, PA",2021,2025,22.1,21.2,-0.04072398190045258
247,Pennsylvania,"Harrisburg-Carlisle, PA",2016,2020,21.3,21.4,0.004694835680751073
248,Pennsylvania,"Harrisburg-Carlisle, PA",2011,2015,20.3,21.2,0.04433497536945805
249,Louisiana,"New Orleans-Metairie, LA",2021,2025,26.1,26.2,0.003831417624520991
250,Louisiana,"New Orleans-Metairie, LA",2016,2020,26.7,26.2,-0.018726591760299626
251,Louisiana,"New Orleans-Metairie, LA",2011,2015,30.1,27.2,-0.09634551495016618
252,South Dakota,"Sioux Falls, SD-MN",2021,2025,15.1,15.5,0.026490066225165587
253,South Dakota,"Sioux Falls, SD-MN",2016,2020,13.8,14.9,0.0797101449275362
254,South Dakota,"Sioux Falls, SD-MN",2011,2015,12.9,13.8,0.06976744186046514
255,Texas,"El Paso, TX",2021,2025,17.5,17.2,-0.017142857142857182
256,Texas,"El Paso, TX",2016,2020,17.5,17.1,-0.022857142857142777
257,Texas,"El Paso, TX",2011,2015,18.0,17.6,-0.022222222222222143
258,Virginia,"Lynchburg, VA",2021,2025,14.4,13.4,-0.06944444444444445
259,Virginia,"Lynchburg, VA",2016,2020,15.0,14.4,-0.03999999999999997
260,Virginia,"Lynchburg, VA",2011,2015,15.1,14.8,-0.019867549668874104
261,Georgia,"Rome, GA",2021,2025,6.5,6.2,-0.04615384615384613
262,Georgia,"Rome, GA",2016,2020,6.4,6.3,-0.015625000000000083
263,Georgia,"Rome, GA",2011,2015,5.5,6.3,0.14545454545454542
264,Virginia,"Virginia Beach-Chesapeake-Norfolk, VA-NC",2021,2025,57.8,54.7,-0.05363321799307949
265,Virginia,"Virginia Beach-Chesapeake-Norfolk, VA-NC",2016,2020,52.3,59.4,0.13575525812619507
266,Virginia,"Virginia Beach-Chesapeake-Norfolk, VA-NC",2011,2015,52.4,53.3,0.017175572519083943
267,Georgia,"Atlanta-Sandy Springs-Roswell, GA Metropolitan Division",2021,2025,134.5,139.6,0.03791821561338286
268,Georgia,"Atlanta-Sandy Springs-Roswell, GA Metropolitan Division",2016,2020,126.2,126.2,0.0
269,Georgia,"Atlanta-Sandy Springs-Roswell, GA Metropolitan Division",2011,2015,110.5,122.8,0.11131221719457011
270,Georgia,"Dalton, GA",2021,2025,22.8,21.8,-0.043859649122807015
271,Georgia,"Dalton, GA",2016,2020,24.7,22.2,-0.10121457489878542
272,Georgia,"Dalton, GA",2011,2015,22.4,25.1,0.12053571428571443
273,South Carolina,"Charleston-North Charleston, SC",2021,2025,28.9,34.6,0.1972318339100347
274,South Carolina,"Charleston-North Charleston, SC",2016,2020,26.0,28.0,0.07692307692307693
275,South Carolina,"Charleston-North Charleston, SC",2011,2015,23.3,25.7,0.10300429184549349
276,Florida,"Gainesville, FL",2021,2025,5.7,5.1,-0.10526315789473693
277,Florida,"Gainesville, FL",2016,2020,5.3,5.3,0.0
278,Florida,"Gainesville, FL",2011,2015,4.9,5.2,0.061224489795918324
279,Pennsylvania,"Montgomery County-Bucks County-Chester County, PA Metropolitan Division",2021,2025,89.1,89.7,0.00673400673400683
280,Pennsylvania,"Montgomery County-Bucks County-Chester County, PA Metropolitan Division",2016,2020,91.4,86.8,-0.05032822757111607
281,Pennsylvania,"Montgomery County-Bucks County-Chester County, PA Metropolitan Division",2011,2015,90.7,91.0,0.003307607497243629
282,Tennessee,"Clarksville, TN-KY",2021,2025,12.4,13.9,0.12096774193548386
283,Tennessee,"Clarksville, TN-KY",2016,2020,11.9,12.2,0.025210084033613356
284,Tennessee,"Clarksville, TN-KY",2011,2015,10.6,11.3,0.0660377358490567
285,Utah,"Ogden, UT",2021,2025,31.0,33.6,0.08387096774193553
286,Utah,"Ogden, UT",2016,2020,26.0,28.8,0.10769230769230773
287,Utah,"Ogden, UT",2011,2015,22.1,25.4,0.14932126696832565
288,California,"Los Angeles-Long Beach-Glendale, CA Metropolitan Division",2021,2025,319.1,296.2,-0.07176433719837051
289,California,"Los Angeles-Long Beach-Glendale, CA Metropolitan Division",2016,2020,357.9,311.7,-0.12908633696563285
290,California,"Los Angeles-Long Beach-Glendale, CA Metropolitan Division",2011,2015,372.5,368.0,-0.012080536912751677
291,Illinois,"Lake County, IL Metropolitan Division",2021,2025,53.3,54.0,0.01313320825515953
292,Illinois,"Lake County, IL Metropolitan Division",2016,2020,52.3,52.9,0.011472275334608059
293,Illinois,"Lake County, IL Metropolitan Division",2011,2015,48.1,52.1,0.08316008316008315
294,Ohio,"Cincinnati, OH-KY-IN",2021,2025,117.0,124.4,0.0632478632478633
295,Ohio,"Cincinnati, OH-KY-IN",2016,2020,115.8,114.5,-0.011226252158894622
296,Ohio,"Cincinnati, OH-KY-IN",2011,2015,105.8,114.9,0.08601134215500954
297,Florida,"St. Petersburg-Clearwater-Largo, FL Metropolitan Division",2021,2025,34.7,36.0,0.03746397694524487
298,Florida,"St. Petersburg-Clearwater-Largo, FL Metropolitan Division",2016,2020,33.4,32.9,-0.014970059880239521
299,Florida,"St. Petersburg-Clearwater-Largo, FL Metropolitan Division",2011,2015,30.7,33.0,0.07491856677524432
300,District of Columbia,"Washington-Arlington-Alexandria, DC-VA-MD-WV",2021,2025,55.7,56.7,0.017953321364452424
301,District of Columbia,"Washington-Arlington-Alexandria, DC-VA-MD-WV",2016,2020,54.6,55.4,0.0146520146520146
302,District of Columbia,"Washington-Arlington-Alexandria, DC-VA-MD-WV",2011,2015,52.0,54.0,0.038461538461538464
303,Alabama,"Florence-Muscle Shoals, AL",2021,2025,8.2,8.8,0.07317073170731725
304,Alabama,"Florence-Muscle Shoals, AL",2016,2020,9.6,8.3,-0.13541666666666657
305,Alabama,"Florence-Muscle Shoals, AL",2011,2015,8.2,9.7,0.1829268292682927
306,New Mexico,"Albuquerque, NM",2021,2025,16.7,16.7,0.0
307,New Mexico,"Albuquerque, NM",2016,2020,15.7,15.7,0.0
308,New Mexico,"Albuquerque, NM",2011,2015,17.7,16.6,-0.06214689265536712
309,New Jersey,"Lakewood-New Brunswick, NJ Metropolitan Division",2021,2025,61.3,64.4,0.05057096247960863
310,New Jersey,"Lakewood-New Brunswick, NJ Metropolitan Division",2016,2020,61.1,59.1,-0.03273322422258593
311,New Jersey,"Lakewood-New Brunswick, NJ Metropolitan Division",2011,2015,58.0,59.3,0.022413793103448227
312,Utah,"Salt Lake City-Murray, UT",2021,2025,62.9,64.1,0.01907790143084254
313,Utah,"Salt Lake City-Murray, UT",2016,2020,57.2,60.3,0.054195804195804095
314,Utah,"Salt Lake City-Murray, UT",2011,2015,53.8,56.0,0.04089219330855024
315,Florida,"Crestview-Fort Walton Beach-Destin, FL",2021,2025,3.4,3.3,-0.02941176470588238
316,Florida,"Crestview-Fort Walton Beach-Destin, FL",2016,2020,3.4,3.4,0.0
317,Florida,"Crestview-Fort Walton Beach-Destin, FL",2011,2015,4.0,3.6,-0.09999999999999998
318,Arkansas,"Fort Smith, AR-OK",2021,2025,16.6,18.1,0.09036144578313252
319,Arkansas,"Fort Smith, AR-OK",2016,2020,17.0,15.8,-0.0705882352941176
320,Arkansas,"Fort Smith, AR-OK",2011,2015,17.5,16.9,-0.034285714285714364
321,North Carolina,"Winston-Salem, NC",2021,2025,34.4,32.3,-0.06104651162790702
322,North Carolina,"Winston-Salem, NC",2016,2020,32.4,33.1,0.021604938271605027
323,North Carolina,"Winston-Salem, NC",2011,2015,28.4,32.6,0.14788732394366208
324,California,"Oxnard-Thousand Oaks-Ventura, CA",2021,2025,26.9,26.5,-0.014869888475836378
325,California,"Oxnard-Thousand Oaks-Ventura, CA",2016,2020,25.4,26.1,0.02755905511811035
326,California,"Oxnard-Thousand Oaks-Ventura, CA",2011,2015,24.2,26.1,0.07851239669421496
327,Washington,"Bellingham, WA",2021,2025,9.1,9.1,0.0
328,Washington,"Bellingham, WA",2016,2020,10.1,9.1,-0.09900990099009901
329,Washington,"Bellingham, WA",2011,2015,8.7,9.7,0.1149425287356322
330,Kentucky,"Bowling Green, KY",2021,2025,13.6,14.2,0.044117647058823505
331,Kentucky,"Bowling Green, KY",2016,2020,12.7,13.3,0.047244094488189094
332,Kentucky,"Bowling Green, KY",2011,2015,9.8,11.8,0.2040816326530612
333,Puerto Rico,"Ponce, PR",2021,2025,8.2,8.7,0.06097560975609757
334,Puerto Rico,"Ponce, PR",2016,2020,7.4,7.6,0.02702702702702693
335,Puerto Rico,"Ponce, PR",2011,2015,8.2,7.6,-0.07317073170731704
336,Michigan,"Saginaw, MI",2021,2025,10.8,10.9,0.009259259259259226
337,Michigan,"Saginaw, MI",2016,2020,12.6,10.8,-0.14285714285714277
338,Michigan,"Saginaw, MI",2011,2015,11.5,12.4,0.07826086956521743
339,Texas,"Brownsville-Harlingen, TX",2021,2025,6.7,7.0,0.044776119402985044
340,Texas,"Brownsville-Harlingen, TX",2016,2020,5.2,6.1,0.17307692307692296
341,Texas,"Brownsville-Harlingen, TX",2011,2015,5.6,5.9,0.0535714285714287
342,Indiana,"Columbus, IN",2021,2025,18.3,19.2,0.04918032786885238
343,Indiana,"Columbus, IN",2016,2020,19.3,18.7,-0.031088082901554476
344,Indiana,"Columbus, IN",2011,2015,16.8,19.8,0.17857142857142858
345,Florida,"West Palm Beach-Boca Raton-Delray Beach, FL Metropolitan Division",2021,2025,20.7,22.6,0.09178743961352667
346,Florida,"West Palm Beach-Boca Raton-Delray Beach, FL Metropolitan Division",2016,2020,19.8,20.2,0.02020202020202013
347,Florida,"West Palm Beach-Boca Raton-Delray Beach, FL Metropolitan Division",2011,2015,15.4,18.8,0.2207792207792208
348,Idaho,"Pocatello, ID",2021,2025,2.2,2.5,0.13636363636363627
349,Idaho,"Pocatello, ID",2016,2020,1.9,2.4,0.2631578947368421
350,Idaho,"Pocatello, ID",2011,2015,2.2,1.9,-0.13636363636363646
351,Indiana,"Indianapolis-Carmel-Greenwood, IN",2021,2025,92.9,97.2,0.046286329386436995
352,Indiana,"Indianapolis-Carmel-Greenwood, IN",2016,2020,89.6,90.1,0.005580357142857143
353,Indiana,"Indianapolis-Carmel-Greenwood, IN",2011,2015,82.8,87.9,0.06159420289855083
354,Georgia,"Savannah, GA",2021,2025,18.6,23.3,0.2526881720430107
355,Georgia,"Savannah, GA",2016,2020,17.0,17.3,0.017647058823529453
356,Georgia,"Savannah, GA",2011,2015,14.8,17.8,0.2027027027027027
357,Iowa,"Waterloo-Cedar Falls, IA",2021,2025,16.3,14.5,-0.11042944785276078
358,Iowa,"Waterloo-Cedar Falls, IA",2016,2020,16.2,16.1,-0.006172839506172708
359,Iowa,"Waterloo-Cedar Falls, IA",2011,2015,16.9,15.9,-0.059171597633135994
360,Oregon,"Portland-Vancouver-Hillsboro, OR-WA",2021,2025,123.9,114.8,-0.07344632768361588
361,Oregon,"Portland-Vancouver-Hillsboro, OR-WA",2016,2020,121.9,119.6,-0.01886792452830198
362,Oregon,"Portland-Vancouver-Hillsboro, OR-WA",2011,2015,112.6,123.5,0.0968028419182949
363,Ohio,"Cleveland, OH",2021,2025,124.6,126.7,0.016853932584269732
364,Ohio,"Cleveland, OH",2016,2020,128.1,122.0,-0.047619047619047575
365,Ohio,"Cleveland, OH",2011,2015,129.3,130.5,0.009280742459396663
366,Arizona,"Yuma, AZ",2021,2025,3.5,2.2,-0.3714285714285714
367,Arizona,"Yuma, AZ",2016,2020,2.9,3.1,0.06896551724137938
368,Arizona,"Yuma, AZ",2011,2015,2.0,2.6,0.30000000000000004
369,California,"Los Angeles-Long Beach-Anaheim, CA",2021,2025,473.0,448.5,-0.05179704016913319
370,California,"Los Angeles-Long Beach-Anaheim, CA",2016,2020,519.0,460.4,-0.1129094412331407
371,California,"Los Angeles-Long Beach-Anaheim, CA",2011,2015,529.9,526.7,-0.006038875259482793
372,Texas,"Longview, TX",2021,2025,15.2,15.0,-0.01315789473684206
373,Texas,"Longview, TX",2016,2020,15.1,14.8,-0.019867549668874104
374,Texas,"Longview, TX",2011,2015,16.6,15.9,-0.04216867469879524
375,District of Columbia,"Washington, DC-MD Metropolitan Division",2021,2025,8.9,9.0,0.011235955056179735
376,District of Columbia,"Washington, DC-MD Metropolitan Division",2016,2020,10.1,9.2,-0.08910891089108915
377,District of Columbia,"Washington, DC-MD Metropolitan Division",2011,2015,10.4,10.0,-0.03846153846153849
378,Texas,"Texarkana, TX-AR",2021,2025,5.6,5.9,0.0535714285714287
379,Texas,"Texarkana, TX-AR",2016,2020,5.3,5.4,0.018867924528301987
380,Texas,"Texarkana, TX-AR",2011,2015,5.4,5.4,0.0
381,Washington,"Everett, WA Metropolitan Division",2021,2025,51.1,53.6,0.04892367906066536
382,Washington,"Everett, WA Metropolitan Division",2016,2020,62.9,54.0,-0.14149443561208266
383,Washington,"Everett, WA Metropolitan Division",2011,2015,63.8,65.7,0.029780564263322973
384,New York,"Albany-Schenectady-Troy, NY",2021,2025,26.6,27.1,0.018796992481203006
385,New York,"Albany-Schenectady-Troy, NY",2016,2020,26.2,25.8,-0.01526717557251903
386,New York,"Albany-Schenectady-Troy, NY",2011,2015,22.0,25.9,0.17727272727272722
387,North Carolina,"Burlington, NC",2021,2025,8.9,8.6,-0.0337078651685394
388,North Carolina,"Burlington, NC",2016,2020,9.4,8.6,-0.08510638297872347
389,North Carolina,"Burlington, NC",2011,2015,8.7,9.2,0.0574712643678161
390,California,"San Francisco-Oakland-Fremont, CA",2021,2025,152.2,128.3,-0.1570302233902758
391,California,"San Francisco-Oakland-Fremont, CA",2016,2020,137.8,143.7,0.04281567489114642
392,California,"San Francisco-Oakland-Fremont, CA",2011,2015,117.7,132.8,0.12829226847918443
393,Indiana,"Fort Wayne, IN",2021,2025,37.4,38.4,0.026737967914438502
394,Indiana,"Fort Wayne, IN",2016,2020,35.3,36.6,0.03682719546742222
395,Indiana,"Fort Wayne, IN",2011,2015,33.0,35.3,0.0696969696969696
396,Illinois,"Decatur, IL",2021,2025,10.7,10.3,-0.03738317757009333
397,Illinois,"Decatur, IL",2016,2020,10.3,10.6,0.029126213592232903
398,Illinois,"Decatur, IL",2011,2015,10.8,10.2,-0.055555555555555684
399,Pennsylvania,"Philadelphia, PA Metropolitan Division",2021,2025,32.4,31.7,-0.021604938271604916
400,Pennsylvania,"Philadelphia, PA Metropolitan Division",2016,2020,34.6,31.6,-0.08670520231213873
401,Pennsylvania,"Philadelphia, PA Metropolitan Division",2011,2015,39.6,35.2,-0.11111111111111108
402,Alabama,"Tuscaloosa, AL",2021,2025,17.7,19.8,0.11864406779661026
403,Alabama,"Tuscaloosa, AL",2016,2020,16.4,18.1,0.10365853658536604
404,Alabama,"Tuscaloosa, AL",2011,2015,13.6,16.2,0.19117647058823528
405,Michigan,"Detroit-Dearborn-Livonia, MI Metropolitan Division",2021,2025,94.0,93.9,-0.001063829787233982
406,Michigan,"Detroit-Dearborn-Livonia, MI Metropolitan Division",2016,2020,92.6,88.9,-0.03995680345572342
407,Michigan,"Detroit-Dearborn-Livonia, MI Metropolitan Division",2011,2015,78.0,90.8,0.16410256410256407
408,Pennsylvania,"Allentown-Bethlehem-Easton, PA-NJ",2021,2025,40.2,41.2,0.02487562189054726
409,Pennsylvania,"Allentown-Bethlehem-Easton, PA-NJ",2016,2020,36.5,38.4,0.052054794520547905
410,Pennsylvania,"Allentown-Bethlehem-Easton, PA-NJ",2011,2015,34.8,36.4,0.04597701149425292
411,Alabama,"Huntsville, AL",2021,2025,31.1,35.3,0.13504823151125386
412,Alabama,"Huntsville, AL",2016,2020,24.4,27.6,0.13114754098360668
413,Alabama,"Huntsville, AL",2011,2015,22.6,23.8,0.05309734513274333
414,New Jersey,"Atlantic City-Hammonton, NJ",2021,2025,3.5,3.6,0.0285714285714286
415,New Jersey,"Atlantic City-Hammonton, NJ",2016,2020,2.7,3.2,0.18518518518518517
416,New Jersey,"Atlantic City-Hammonton, NJ",2011,2015,2.5,2.7,0.08000000000000007
417,Mississippi,"Gulfport-Biloxi, MS",2021,2025,19.0,18.5,-0.02631578947368421
418,Mississippi,"Gulfport-Biloxi, MS",2016,2020,18.8,19.0,0.010638297872340387
419,Mississippi,"Gulfport-Biloxi, MS",2011,2015,19.1,19.3,0.010471204188481638
420,South Carolina,"Myrtle Beach-Conway-North Myrtle Beach, SC",2021,2025,3.5,3.5,0.0
421,South Carolina,"Myrtle Beach-Conway-North Myrtle Beach, SC",2016,2020,3.1,3.1,0.0
422,South Carolina,"Myrtle Beach-Conway-North Myrtle Beach, SC",2011,2015,3.0,3.1,0.03333333333333336
423,New York,"Watertown-Fort Drum, NY",2021,2025,1.8,1.7,-0.0555555555555556
424,New York,"Watertown-Fort Drum, NY",2016,2020,2.0,1.7,-0.15000000000000002
425,New York,"Watertown-Fort Drum, NY",2011,2015,2.3,2.4,0.04347826086956526
426,Florida,"Tallahassee, FL",2021,2025,4.0,4.3,0.07499999999999996
427,Florida,"Tallahassee, FL",2016,2020,3.2,3.7,0.15625
428,Florida,"Tallahassee, FL",2011,2015,3.2,3.1,-0.03125000000000003
429,Virginia,"Arlington-Alexandria-Reston, VA-WV Metropolitan Division",2021,2025,27.5,27.2,-0.010909090909090934
430,Virginia,"Arlington-Alexandria-Reston, VA-WV Metropolitan Division",2016,2020,26.9,27.4,0.01858736059479554
431,Virginia,"Arlington-Alexandria-Reston, VA-WV Metropolitan Division",2011,2015,25.3,26.7,0.055335968379446585
432,Texas,"Dallas-Plano-Irving, TX Metropolitan Division",2021,2025,190.0,198.4,0.044210526315789506
433,Texas,"Dallas-Plano-Irving, TX Metropolitan Division",2016,2020,175.1,182.2,0.04054825813820671
434,Texas,"Dallas-Plano-Irving, TX Metropolitan Division",2011,2015,168.1,170.8,0.01606186793575263
435,New Hampshire,"Manchester-Nashua, NH",2021,2025,25.2,25.2,0.0
436,New Hampshire,"Manchester-Nashua, NH",2016,2020,24.8,25.1,0.012096774193548416
437,New Hampshire,"Manchester-Nashua, NH",2011,2015,25.4,24.3,-0.043307086614173144
438,Arizona,"Tucson, AZ",2021,2025,28.0,27.7,-0.01071428571428574
439,Arizona,"Tucson, AZ",2016,2020,25.0,27.5,0.1
440,Arizona,"Tucson, AZ",2011,2015,24.3,24.1,-0.00823045267489709
441,Maryland,"Baltimore-Columbia-Towson, MD",2021,2025,59.3,56.1,-0.05396290050590212
442,Maryland,"Baltimore-Columbia-Towson, MD",2016,2020,56.1,58.7,0.04634581105169343
443,Maryland,"Baltimore-Columbia-Towson, MD",2011,2015,62.4,55.8,-0.1057692307692308
444,Michigan,"Grand Rapids-Wyoming-Kentwood, MI",2021,2025,115.3,112.0,-0.028620988725065025
445,Michigan,"Grand Rapids-Wyoming-Kentwood, MI",2016,2020,117.5,113.1,-0.03744680851063835
446,Michigan,"Grand Rapids-Wyoming-Kentwood, MI",2011,2015,95.4,114.7,0.20230607966457018
447,New York,"Elmira, NY",2021,2025,5.1,4.5,-0.11764705882352935
448,New York,"Elmira, NY",2016,2020,5.1,4.9,-0.039215686274509665
449,New York,"Elmira, NY",2011,2015,5.7,5.3,-0.0701754385964913
450,North Dakota,"Minot, ND",2021,2025,0.6,0.6,0.0
451,North Dakota,"Minot, ND",2016,2020,0.6,0.6,0.0
452,North Dakota,"Minot, ND",2011,2015,0.8,0.7,-0.1250000000000001
453,Wisconsin,"Janesville-Beloit, WI",2021,2025,10.5,11.1,0.057142857142857106
454,Wisconsin,"Janesville-Beloit, WI",2016,2020,9.9,10.4,0.050505050505050504
455,Wisconsin,"Janesville-Beloit, WI",2011,2015,8.7,9.6,0.10344827586206902
456,California,"Anaheim-Santa Ana-Irvine, CA Metropolitan Division",2021,2025,153.9,152.3,-0.010396361273554219
457,California,"Anaheim-Santa Ana-Irvine, CA Metropolitan Division",2016,2020,161.1,148.7,-0.07697082557417757
458,California,"Anaheim-Santa Ana-Irvine, CA Metropolitan Division",2011,2015,157.4,158.7,0.008259212198220985
459,Idaho,"Boise City, ID",2021,2025,31.2,31.7,0.016025641025641028
460,Idaho,"Boise City, ID",2016,2020,27.0,30.7,0.137037037037037
461,Idaho,"Boise City, ID",2011,2015,24.2,26.7,0.10330578512396695
462,Michigan,"Flint, MI",2021,2025,13.8,13.8,0.0
463,Michigan,"Flint, MI",2016,2020,12.4,13.9,0.12096774193548386
464,Michigan,"Flint, MI",2011,2015,11.3,12.1,0.07079646017699105
465,New York,"Binghamton, NY",2021,2025,10.7,10.3,-0.03738317757009333
466,New York,"Binghamton, NY",2016,2020,11.3,10.5,-0.0707964601769912
467,New York,"Binghamton, NY",2011,2015,13.4,11.5,-0.14179104477611942
468,Utah,"Provo-Orem-Lehi, UT",2021,2025,23.2,24.6,0.06034482758620699
469,Utah,"Provo-Orem-Lehi, UT",2016,2020,18.6,20.9,0.12365591397849446
470,Utah,"Provo-Orem-Lehi, UT",2011,2015,16.7,18.3,0.09580838323353302
471,Florida,"Deltona-Daytona Beach-Ormond Beach, FL",2021,2025,12.1,12.4,0.024793388429752126
472,Florida,"Deltona-Daytona Beach-Ormond Beach, FL",2016,2020,11.7,10.8,-0.0769230769230768
473,Florida,"Deltona-Daytona Beach-Ormond Beach, FL",2011,2015,9.1,11.3,0.2417582417582419
474,Tennessee,"Memphis, TN-MS-AR",2021,2025,43.9,39.4,-0.10250569476082005
475,Tennessee,"Memphis, TN-MS-AR",2016,2020,42.9,44.0,0.025641025641025675
476,Tennessee,"Memphis, TN-MS-AR",2011,2015,41.4,43.2,0.04347826086956532
477,Kansas,"Wichita, KS",2021,2025,48.1,52.4,0.08939708939708933
478,Kansas,"Wichita, KS",2016,2020,49.8,43.6,-0.12449799196787141
479,Kansas,"Wichita, KS",2011,2015,51.6,51.2,-0.007751937984496096
480,California,"Riverside-San Bernardino-Ontario, CA",2021,2025,98.1,90.5,-0.0774719673802242
481,California,"Riverside-San Bernardino-Ontario, CA",2016,2020,98.3,95.1,-0.03255340793489321
482,California,"Riverside-San Bernardino-Ontario, CA",2011,2015,85.7,97.3,0.13535589264877473
483,Montana,"Helena, MT",2021,2025,1.3,1.4,0.07692307692307682
484,Montana,"Helena, MT",2016,2020,1.3,1.3,0.0
485,Montana,"Helena, MT",2011,2015,1.2,1.3,0.08333333333333341
486,Michigan,"Monroe, MI",2021,2025,5.3,6.0,0.13207547169811323
487,Michigan,"Monroe, MI",2016,2020,5.5,5.2,-0.054545454545454515
488,Michigan,"Monroe, MI",2011,2015,4.7,5.6,0.19148936170212755
489,Colorado,"Greeley, CO",2021,2025,13.2,14.1,0.06818181818181822
490,Colorado,"Greeley, CO",2016,2020,13.5,13.8,0.022222222222222275
491,Colorado,"Greeley, CO",2011,2015,11.6,13.2,0.1379310344827586
492,Connecticut,"Norwich-New London-Willimantic, CT",2021,2025,17.9,21.4,0.19553072625698326
493,Connecticut,"Norwich-New London-Willimantic, CT",2016,2020,16.7,17.3,0.03592814371257494
494,Connecticut,"Norwich-New London-Willimantic, CT",2011,2015,14.5,16.0,0.10344827586206896
495,Pennsylvania,"Altoona, PA",2021,2025,6.8,7.1,0.044117647058823505
496,Pennsylvania,"Altoona, PA",2016,2020,7.3,6.8,-0.0684931506849315
497,Pennsylvania,"Altoona, PA",2011,2015,7.4,7.5,0.013513513513513466
498,Indiana,"Kokomo, IN",2021,2025,9.5,8.8,-0.07368421052631571
499,Indiana,"Kokomo, IN",2016,2020,12.1,10.4,-0.140495867768595
500,Indiana,"Kokomo, IN",2011,2015,9.3,12.0,0.2903225806451612
501,Alabama,"Decatur, AL",2021,2025,13.4,14.7,0.09701492537313425
502,Alabama,"Decatur, AL",2016,2020,12.4,13.2,0.06451612903225798
503,Alabama,"Decatur, AL",2011,2015,12.7,12.4,-0.023622047244094405
504,Ohio,"Youngstown-Warren, OH",2021,2025,17.1,19.2,0.12280701754385952
505,Ohio,"Youngstown-Warren, OH",2016,2020,20.6,15.4,-0.25242718446601947
506,Ohio,"Youngstown-Warren, OH",2011,2015,22.8,21.1,-0.0745614035087719
507,Nebraska,"Lincoln, NE",2021,2025,14.0,14.2,0.014285714285714235
508,Nebraska,"Lincoln, NE",2016,2020,13.5,13.3,-0.014814814814814762
509,Nebraska,"Lincoln, NE",2011,2015,13.1,13.8,0.053435114503816876
510,Pennsylvania,"York-Hanover, PA",2021,2025,31.8,32.4,0.01886792452830182
511,Pennsylvania,"York-Hanover, PA",2016,2020,30.8,30.9,0.0032467532467531776
512,Pennsylvania,"York-Hanover, PA",2011,2015,31.8,31.2,-0.01886792452830193
513,Kentucky,"Owensboro, KY",2021,2025,7.1,7.7,0.08450704225352121
514,Kentucky,"Owensboro, KY",2016,2020,5.8,6.4,0.10344827586206906
515,Kentucky,"Owensboro, KY",2011,2015,5.0,5.0,0.0
516,Indiana,"Bloomington, IN",2021,2025,12.0,10.3,-0.1416666666666666
517,Indiana,"Bloomington, IN",2016,2020,8.8,9.8,0.11363636363636363
518,Indiana,"Bloomington, IN",2011,2015,8.2,8.5,0.036585365853658625
519,Oklahoma,"Tulsa, OK",2021,2025,47.6,53.9,0.13235294117647053
520,Oklahoma,"Tulsa, OK",2016,2020,51.3,47.6,-0.07212475633528258
521,Oklahoma,"Tulsa, OK",2011,2015,54.9,54.0,-0.016393442622950793
522,Alabama,"Dothan, AL",2021,2025,5.2,5.8,0.11538461538461531
523,Alabama,"Dothan, AL",2016,2020,5.0,5.4,0.08000000000000007
524,Alabama,"Dothan, AL",2011,2015,4.9,4.4,-0.1020408163265306
525,North Carolina,"Charlotte-Concord-Gastonia, NC-SC",2021,2025,109.7,105.1,-0.04193254329990892
526,North Carolina,"Charlotte-Concord-Gastonia, NC-SC",2016,2020,106.3,105.6,-0.006585136406397017
527,North Carolina,"Charlotte-Concord-Gastonia, NC-SC",2011,2015,97.2,107.6,0.10699588477366247
528,Illinois,"Champaign-Urbana, IL",2021,2025,7.9,8.1,0.02531645569620244
529,Illinois,"Champaign-Urbana, IL",2016,2020,8.0,7.6,-0.050000000000000044
530,Illinois,"Champaign-Urbana, IL",2011,2015,8.2,8.2,0.0
531,Ohio,"Columbus, OH",2021,2025,73.8,77.5,0.050135501355013594
532,Ohio,"Columbus, OH",2016,2020,71.9,71.8,-0.0013908205841447639
533,Ohio,"Columbus, OH",2011,2015,67.1,72.6,0.0819672131147541
534,Idaho,"Idaho Falls, ID",2021,2025,5.4,5.5,0.01851851851851845
535,Idaho,"Idaho Falls, ID",2016,2020,4.1,5.2,0.2682926829268294
536,Idaho,"Idaho Falls, ID",2011,2015,3.5,4.1,0.17142857142857132
537,Arizona,"Phoenix-Mesa-Chandler, AZ",2021,2025,143.3,148.6,0.03698534542916945
538,Arizona,"Phoenix-Mesa-Chandler, AZ",2016,2020,122.2,136.8,0.11947626841243869
539,Arizona,"Phoenix-Mesa-Chandler, AZ",2011,2015,115.9,122.7,0.05867126833477133
540,Georgia,"Columbus, GA-AL",2021,2025,10.0,11.2,0.11999999999999993
541,Georgia,"Columbus, GA-AL",2016,2020,10.3,10.2,-0.009708737864077808
542,Georgia,"Columbus, GA-AL",2011,2015,10.6,10.0,-0.05660377358490563
543,North Carolina,"Fayetteville, NC",2021,2025,8.5,7.7,-0.09411764705882351
544,North Carolina,"Fayetteville, NC",2016,2020,8.1,8.2,0.012345679012345635
545,North Carolina,"Fayetteville, NC",2011,2015,9.0,7.9,-0.12222222222222218
546,Indiana,"Muncie, IN",2021,2025,3.7,4.0,0.08108108108108103
547,Indiana,"Muncie, IN",2016,2020,4.4,3.4,-0.22727272727272735
548,Indiana,"Muncie, IN",2011,2015,3.9,4.4,0.12820512820512833
549,Indiana,"Michigan City-La Porte, IN",2021,2025,8.2,8.6,0.0487804878048781
550,Indiana,"Michigan City-La Porte, IN",2016,2020,7.5,7.6,0.013333333333333286
551,Indiana,"Michigan City-La Porte, IN",2011,2015,8.1,7.6,-0.0617283950617284
552,Washington,"Tacoma-Lakewood, WA Metropolitan Division",2021,2025,17.0,16.5,-0.029411764705882353
553,Washington,"Tacoma-Lakewood, WA Metropolitan Division",2016,2020,17.0,16.5,-0.029411764705882353
554,Washington,"Tacoma-Lakewood, WA Metropolitan Division",2011,2015,16.4,17.1,0.04268292682926847
555,Washington,"Seattle-Bellevue-Kent, WA Metropolitan Division",2021,2025,89.3,92.7,0.03807390817469211
556,Washington,"Seattle-Bellevue-Kent, WA Metropolitan Division",2016,2020,101.8,87.7,-0.13850687622789778
557,Washington,"Seattle-Bellevue-Kent, WA Metropolitan Division",2011,2015,99.5,105.0,0.05527638190954774
558,Delaware,"Wilmington, DE-MD-NJ Metropolitan Division",2021,2025,16.3,16.6,0.018404907975460166
559,Delaware,"Wilmington, DE-MD-NJ Metropolitan Division",2016,2020,18.0,16.8,-0.06666666666666662
560,Delaware,"Wilmington, DE-MD-NJ Metropolitan Division",2011,2015,18.8,17.9,-0.047872340425532026
561,Ohio,"Akron, OH",2021,2025,37.7,37.3,-0.010610079575596967
562,Ohio,"Akron, OH",2016,2020,39.5,37.0,-0.06329113924050633
563,Ohio,"Akron, OH",2011,2015,39.9,41.0,0.027568922305764448
564,California,"San Rafael, CA Metropolitan Division",2021,2025,4.3,4.0,-0.06976744186046507
565,California,"San Rafael, CA Metropolitan Division",2016,2020,4.4,4.5,0.022727272727272645
566,California,"San Rafael, CA Metropolitan Division",2011,2015,2.3,4.1,0.782608695652174
567,Illinois,"Rockford, IL",2021,2025,27.2,23.8,-0.12499999999999994
568,Illinois,"Rockford, IL",2016,2020,30.4,29.1,-0.04276315789473675
569,Illinois,"Rockford, IL",2011,2015,29.5,31.9,0.08135593220338978
570,Minnesota,"Rochester, MN",2021,2025,9.6,9.0,-0.062499999999999965
571,Minnesota,"Rochester, MN",2016,2020,10.2,9.8,-0.039215686274509665
572,Minnesota,"Rochester, MN",2011,2015,11.2,10.6,-0.05357142857142854
573,Texas,"Waco, TX",2021,2025,15.9,16.5,0.03773584905660375
574,Texas,"Waco, TX",2016,2020,17.1,15.6,-0.08771929824561413
575,Texas,"Waco, TX",2011,2015,15.0,16.9,0.12666666666666657
576,Illinois,"Springfield, IL",2021,2025,3.3,3.7,0.12121212121212133
577,Illinois,"Springfield, IL",2016,2020,3.4,3.1,-0.08823529411764701
578,Illinois,"Springfield, IL",2011,2015,3.1,3.1,0.0
579,New York,"Rochester, NY",2021,2025,53.3,49.1,-0.07879924953095677
580,New York,"Rochester, NY",2016,2020,55.9,52.7,-0.05724508050089438
581,New York,"Rochester, NY",2011,2015,60.4,57.9,-0.041390728476821195
582,Texas,"Killeen-Temple, TX",2021,2025,7.9,8.2,0.03797468354430366
583,Texas,"Killeen-Temple, TX",2016,2020,7.6,7.5,-0.01315789473684206
584,Texas,"Killeen-Temple, TX",2011,2015,6.9,7.3,0.05797101449275354
585,Pennsylvania,"Chambersburg, PA",2021,2025,8.7,8.7,0.0
586,Pennsylvania,"Chambersburg, PA",2016,2020,8.6,8.8,0.023255813953488497
587,Pennsylvania,"Chambersburg, PA",2011,2015,8.8,9.1,0.03409090909090897
588,North Carolina,"Pinehurst-Southern Pines, NC",2021,2025,1.9,1.7,-0.10526315789473682
589,North Carolina,"Pinehurst-Southern Pines, NC",2016,2020,2.0,1.8,-0.09999999999999998
590,North Carolina,"Pinehurst-Southern Pines, NC",2011,2015,2.2,2.0,-0.09090909090909098
591,Louisiana,"Slidell-Mandeville-Covington, LA",2021,2025,3.2,3.3,0.03124999999999989
592,Louisiana,"Slidell-Mandeville-Covington, LA",2016,2020,3.4,3.0,-0.11764705882352938
593,Louisiana,"Slidell-Mandeville-Covington, LA",2011,2015,3.1,3.4,0.09677419354838704
594,Massachusetts,"Amherst Town-Northampton, MA",2021,2025,3.0,2.7,-0.09999999999999994
595,Massachusetts,"Amherst Town-Northampton, MA",2016,2020,2.7,2.9,0.07407407407407397
596,Massachusetts,"Amherst Town-Northampton, MA",2011,2015,3.0,2.7,-0.09999999999999994
597,Illinois,"Chicago-Naperville-Schaumburg, IL Metropolitan Division",2021,2025,270.6,273.8,0.011825572801182514
598,Illinois,"Chicago-Naperville-Schaumburg, IL Metropolitan Division",2016,2020,280.5,266.8,-0.048841354723707625
599,Illinois,"Chicago-Naperville-Schaumburg, IL Metropolitan Division",2011,2015,283.1,282.1,-0.0035323207347227126
600,Delaware,"Dover, DE",2021,2025,5.2,4.2,-0.1923076923076923
601,Delaware,"Dover, DE",2016,2020,5.0,4.9,-0.019999999999999928
602,Delaware,"Dover, DE",2011,2015,4.4,4.8,0.09090909090909079
603,North Dakota,"Fargo, ND-MN",2021,2025,10.9,12.8,0.17431192660550462
604,North Dakota,"Fargo, ND-MN",2016,2020,9.6,10.2,0.062499999999999965
605,North Dakota,"Fargo, ND-MN",2011,2015,9.9,9.9,0.0
606,Florida,"Tampa-St. Petersburg-Clearwater, FL",2021,2025,71.2,76.7,0.07724719101123595
607,Florida,"Tampa-St. Petersburg-Clearwater, FL",2016,2020,65.7,67.4,0.025875190258751946
608,Florida,"Tampa-St. Petersburg-Clearwater, FL",2011,2015,59.1,63.6,0.07614213197969542
609,Massachusetts,"Worcester, MA",2021,2025,35.4,35.0,-0.011299435028248548
610,Massachusetts,"Worcester, MA",2016,2020,35.9,34.2,-0.04735376044568233
611,Massachusetts,"Worcester, MA",2011,2015,36.8,35.9,-0.024456521739130398
612,Massachusetts,"Boston, MA Metropolitan Division",2021,2025,38.7,36.7,-0.05167958656330749
613,Massachusetts,"Boston, MA Metropolitan Division",2016,2020,41.0,37.1,-0.09512195121951215
614,Massachusetts,"Boston, MA Metropolitan Division",2011,2015,41.6,42.2,0.014423076923076957
615,New York,"Ithaca, NY",2021,2025,2.5,2.3,-0.08000000000000007
616,New York,"Ithaca, NY",2016,2020,3.4,2.4,-0.29411764705882354
617,New York,"Ithaca, NY",2011,2015,3.2,3.4,0.06249999999999992
618,California,"Redding, CA",2021,2025,2.8,2.9,0.03571428571428575
619,California,"Redding, CA",2016,2020,2.5,2.5,0.0
620,California,"Redding, CA",2011,2015,2.1,2.4,0.14285714285714277
621,California,"Oakland-Fremont-Berkeley, CA Metropolitan Division",2021,2025,109.9,94.5,-0.1401273885350319
622,California,"Oakland-Fremont-Berkeley, CA Metropolitan Division",2016,2020,92.5,102.1,0.10378378378378372
623,California,"Oakland-Fremont-Berkeley, CA Metropolitan Division",2011,2015,80.4,89.7,0.11567164179104474
624,Massachusetts,"Barnstable Town, MA",2021,2025,2.4,2.2,-0.08333333333333323
625,Massachusetts,"Barnstable Town, MA",2016,2020,2.3,2.2,-0.043478260869565064
626,Massachusetts,"Barnstable Town, MA",2011,2015,1.8,2.2,0.2222222222222223
627,Puerto Rico,"Mayaguez, PR",2021,2025,6.0,5.9,-0.016666666666666607
628,Puerto Rico,"Mayaguez, PR",2016,2020,5.3,5.9,0.11320754716981142
629,Puerto Rico,"Mayaguez, PR",2011,2015,7.0,5.7,-0.1857142857142857
630,Idaho,"Coeur d'Alene, ID",2021,2025,5.3,5.4,0.018867924528301987
631,Idaho,"Coeur d'Alene, ID",2016,2020,5.0,5.1,0.019999999999999928
632,Idaho,"Coeur d'Alene, ID",2011,2015,4.4,5.0,0.13636363636363627
633,Indiana,"Lafayette-West Lafayette, IN",2021,2025,19.9,21.6,0.08542713567839211
634,Indiana,"Lafayette-West Lafayette, IN",2016,2020,18.5,19.5,0.05405405405405406
635,Indiana,"Lafayette-West Lafayette, IN",2011,2015,16.6,17.7,0.06626506024096372
636,Florida,"Naples-Marco Island, FL",2021,2025,5.2,6.0,0.1538461538461538
637,Florida,"Naples-Marco Island, FL",2016,2020,3.9,5.0,0.2820512820512821
638,Florida,"Naples-Marco Island, FL",2011,2015,2.6,3.6,0.3846153846153846
639,California,"Merced, CA",2021,2025,9.0,9.1,0.011111111111111072
640,California,"Merced, CA",2016,2020,8.6,9.3,0.08139534883720943
641,California,"Merced, CA",2011,2015,8.0,8.5,0.0625
642,Michigan,"Ann Arbor, MI",2021,2025,12.6,11.7,-0.07142857142857145
643,Michigan,"Ann Arbor, MI",2016,2020,14.6,13.1,-0.10273972602739727
644,Michigan,"Ann Arbor, MI",2011,2015,14.3,14.6,0.020979020979020904
645,Oregon,"Albany, OR",2021,2025,7.8,8.2,0.05128205128205122
646,Oregon,"Albany, OR",2016,2020,7.8,7.4,-0.05128205128205122
647,Oregon,"Albany, OR",2011,2015,6.7,7.4,0.10447761194029853
648,Arkansas,"Fayetteville-Springdale-Rogers, AR",2021,2025,28.5,28.8,0.01052631578947371
649,Arkansas,"Fayetteville-Springdale-Rogers, AR",2016,2020,24.9,28.1,0.12851405622489973
650,Arkansas,"Fayetteville-Springdale-Rogers, AR",2011,2015,23.5,24.4,0.03829787234042547
651,Michigan,"Lansing-East Lansing, MI",2021,2025,20.7,21.1,0.019323671497584644
652,Michigan,"Lansing-East Lansing, MI",2016,2020,21.1,18.6,-0.11848341232227487
653,Michigan,"Lansing-East Lansing, MI",2011,2015,17.1,19.8,0.1578947368421052
654,Wisconsin,"Green Bay, WI",2021,2025,31.4,33.5,0.0668789808917198
655,Wisconsin,"Green Bay, WI",2016,2020,29.8,30.7,0.030201342281879148
656,Wisconsin,"Green Bay, WI",2011,2015,27.9,29.3,0.05017921146953413
657,Texas,"Abilene, TX",2021,2025,3.3,3.2,-0.030303030303030196
658,Texas,"Abilene, TX",2016,2020,2.9,3.2,0.10344827586206906
659,Texas,"Abilene, TX",2011,2015,2.6,3.0,0.1538461538461538
660,Oregon,"Medford, OR",2021,2025,7.6,6.8,-0.10526315789473682
661,Oregon,"Medford, OR",2016,2020,7.7,7.7,0.0
662,Oregon,"Medford, OR",2011,2015,6.4,7.6,0.1874999999999999
663,New Jersey,"Camden, NJ Metropolitan Division",2021,2025,39.3,40.5,0.030534351145038243
664,New Jersey,"Camden, NJ Metropolitan Division",2016,2020,37.7,38.7,0.02652519893899204
665,New Jersey,"Camden, NJ Metropolitan Division",2011,2015,36.3,36.8,0.013774104683195593
666,Connecticut,"Bridgeport-Stamford-Danbury, CT",2021,2025,26.7,26.6,-0.0037453183520598453
667,Connecticut,"Bridgeport-Stamford-Danbury, CT",2016,2020,27.7,25.6,-0.07581227436823097
668,Connecticut,"Bridgeport-Stamford-Danbury, CT",2011,2015,31.1,28.0,-0.09967845659163992
669,Iowa,"Davenport-Moline-Rock Island, IA-IL",2021,2025,25.0,23.2,-0.07200000000000002
670,Iowa,"Davenport-Moline-Rock Island, IA-IL",2016,2020,23.2,22.5,-0.03017241379310342
671,Iowa,"Davenport-Moline-Rock Island, IA-IL",2011,2015,23.5,23.5,0.0
672,Connecticut,"Hartford-West Hartford-East Hartford, CT",2021,2025,61.0,58.6,-0.03934426229508194
673,Connecticut,"Hartford-West Hartford-East Hartford, CT",2016,2020,61.7,60.3,-0.022690437601296687
674,Connecticut,"Hartford-West Hartford-East Hartford, CT",2011,2015,62.7,60.6,-0.0334928229665072
675,Iowa,"Iowa City, IA",2021,2025,5.7,5.9,0.03508771929824565
676,Iowa,"Iowa City, IA",2016,2020,6.0,5.5,-0.08333333333333333
677,Iowa,"Iowa City, IA",2011,2015,6.0,6.1,0.016666666666666607
678,New Hampshire,"Rockingham County-Strafford County, NH Metropolitan Division",2021,2025,21.4,21.0,-0.018691588785046665
679,New Hampshire,"Rockingham County-Strafford County, NH Metropolitan Division",2016,2020,20.6,20.4,-0.009708737864077808
680,New Hampshire,"Rockingham County-Strafford County, NH Metropolitan Division",2011,2015,17.6,20.0,0.13636363636363627
681,Louisiana,"Baton Rouge, LA",2021,2025,29.0,31.6,0.08965517241379316
682,Louisiana,"Baton Rouge, LA",2016,2020,29.9,28.9,-0.033444816053511704
683,Louisiana,"Baton Rouge, LA",2011,2015,27.0,30.1,0.11481481481481487
684,Arizona,"Lake Havasu City-Kingman, AZ",2021,2025,3.1,2.9,-0.06451612903225812
685,Arizona,"Lake Havasu City-Kingman, AZ",2016,2020,3.0,2.9,-0.03333333333333336
686,Arizona,"Lake Havasu City-Kingman, AZ",2011,2015,2.7,3.0,0.11111111111111104
687,Indiana,"Evansville, IN",2021,2025,17.7,17.5,-0.011299435028248548
688,Indiana,"Evansville, IN",2016,2020,17.7,17.7,0.0
689,Indiana,"Evansville, IN",2011,2015,16.7,18.3,0.09580838323353302
690,Oregon,"Eugene-Springfield, OR",2021,2025,14.7,14.1,-0.04081632653061222
691,Oregon,"Eugene-Springfield, OR",2016,2020,13.6,13.9,0.022058823529411818
692,Oregon,"Eugene-Springfield, OR",2011,2015,12.2,13.3,0.09016393442622964
693,Vermont,"Burlington-South Burlington, VT",2021,2025,11.9,11.2,-0.058823529411764795
694,Vermont,"Burlington-South Burlington, VT",2016,2020,12.5,11.7,-0.06400000000000006
695,Vermont,"Burlington-South Burlington, VT",2011,2015,14.4,12.9,-0.10416666666666666
696,Alabama,"Montgomery, AL",2021,2025,18.2,20.9,0.14835164835164832
697,Alabama,"Montgomery, AL",2016,2020,18.6,17.7,-0.04838709677419366
698,Alabama,"Montgomery, AL",2011,2015,17.4,18.8,0.08045977011494265
699,Washington,"Spokane-Spokane Valley, WA",2021,2025,17.3,16.9,-0.023121387283237118
700,Washington,"Spokane-Spokane Valley, WA",2016,2020,16.7,16.4,-0.01796407185628747
701,Washington,"Spokane-Spokane Valley, WA",2011,2015,15.7,16.6,0.05732484076433135
702,North Carolina,"Wilmington, NC",2021,2025,7.7,8.6,0.11688311688311681
703,North Carolina,"Wilmington, NC",2016,2020,7.6,7.1,-0.06578947368421052
704,North Carolina,"Wilmington, NC",2011,2015,7.4,7.6,0.02702702702702693
705,New York,"Syracuse, NY",2021,2025,24.8,24.7,-0.004032258064516186
706,New York,"Syracuse, NY",2016,2020,25.0,24.6,-0.015999999999999945
707,New York,"Syracuse, NY",2011,2015,25.3,24.5,-0.03162055335968382
708,North Carolina,"Durham-Chapel Hill, NC",2021,2025,29.7,27.5,-0.07407407407407406
709,North Carolina,"Durham-Chapel Hill, NC",2016,2020,32.6,29.8,-0.08588957055214726
710,North Carolina,"Durham-Chapel Hill, NC",2011,2015,32.5,33.8,0.03999999999999991
711,New Mexico,"Santa Fe, NM",2021,2025,0.8,0.8,0.0
712,New Mexico,"Santa Fe, NM",2016,2020,0.9,0.8,-0.11111111111111108
713,New Mexico,"Santa Fe, NM",2011,2015,0.8,0.8,0.0
714,Texas,"Midland, TX",2021,2025,4.1,4.7,0.14634146341463428
715,Texas,"Midland, TX",2016,2020,3.0,3.3,0.09999999999999994
716,Texas,"Midland, TX",2011,2015,3.3,3.4,0.03030303030303033
717,Tennessee,"Johnson City, TN",2021,2025,8.6,8.5,-0.011627906976744146
718,Tennessee,"Johnson City, TN",2016,2020,7.7,8.3,0.07792207792207799
719,Tennessee,"Johnson City, TN",2011,2015,8.0,7.8,-0.025000000000000022
720,Pennsylvania,"Williamsport, PA",2021,2025,7.4,7.6,0.02702702702702693
721,Pennsylvania,"Williamsport, PA",2016,2020,7.9,7.2,-0.08860759493670887
722,Pennsylvania,"Williamsport, PA",2011,2015,9.0,7.9,-0.12222222222222218
723,California,"Santa Maria-Santa Barbara, CA",2021,2025,12.2,11.7,-0.04098360655737705
724,California,"Santa Maria-Santa Barbara, CA",2016,2020,13.2,11.7,-0.11363636363636365
725,California,"Santa Maria-Santa Barbara, CA",2011,2015,11.7,13.1,0.11965811965811969
726,Georgia,"Marietta, GA Metropolitan Division",2021,2025,39.1,41.8,0.06905370843989758
727,Georgia,"Marietta, GA Metropolitan Division",2016,2020,37.7,37.6,-0.002652519893899242
728,Georgia,"Marietta, GA Metropolitan Division",2011,2015,34.5,36.2,0.049275362318840665
729,Texas,"San Antonio-New Braunfels, TX",2021,2025,54.7,63.6,0.16270566727605115
730,Texas,"San Antonio-New Braunfels, TX",2016,2020,48.2,50.9,0.05601659751037335
731,Texas,"San Antonio-New Braunfels, TX",2011,2015,46.5,47.5,0.021505376344086023
732,Wisconsin,"La Crosse-Onalaska, WI-MN",2021,2025,9.8,9.2,-0.061224489795918505
733,Wisconsin,"La Crosse-Onalaska, WI-MN",2016,2020,9.3,9.6,0.03225806451612891
734,Wisconsin,"La Crosse-Onalaska, WI-MN",2011,2015,8.9,9.2,0.03370786516853921
735,Kansas,"Manhattan, KS",2021,2025,3.4,3.5,0.02941176470588238
736,Kansas,"Manhattan, KS",2016,2020,3.3,3.1,-0.06060606060606053
737,Kansas,"Manhattan, KS",2011,2015,3.4,3.6,0.05882352941176476
738,Nevada,"Las Vegas-Henderson-North Las Vegas, NV",2021,2025,27.5,30.2,0.09818181818181816
739,Nevada,"Las Vegas-Henderson-North Las Vegas, NV",2016,2020,22.7,24.7,0.0881057268722467
740,Nevada,"Las Vegas-Henderson-North Las Vegas, NV",2011,2015,20.1,21.9,0.08955223880597
741,Michigan,"Jackson, MI",2021,2025,9.1,8.9,-0.0219780219780219
742,Michigan,"Jackson, MI",2016,2020,9.9,8.9,-0.10101010101010101
743,Michigan,"Jackson, MI",2011,2015,8.4,9.8,0.1666666666666667
744,Washington,"Walla Walla, WA",2021,2025,4.4,3.9,-0.11363636363636373
745,Washington,"Walla Walla, WA",2016,2020,3.7,3.8,0.02702702702702693
746,Washington,"Walla Walla, WA",2011,2015,3.5,3.7,0.0571428571428572
747,Illinois,"Bloomington, IL",2021,2025,6.8,8.6,0.2647058823529412
748,Illinois,"Bloomington, IL",2016,2020,2.7,3.7,0.37037037037037035
749,Illinois,"Bloomington, IL",2011,2015,4.2,3.1,-0.2619047619047619
750,Iowa,"Des Moines-West Des Moines, IA",2021,2025,23.9,22.0,-0.07949790794979074
751,Iowa,"Des Moines-West Des Moines, IA",2016,2020,22.7,23.2,0.022026431718061675
752,Iowa,"Des Moines-West Des Moines, IA",2011,2015,20.8,22.0,0.057692307692307654
753,Florida,"Miami-Miami Beach-Kendall, FL Metropolitan Division",2021,2025,41.8,47.0,0.12440191387559817
754,Florida,"Miami-Miami Beach-Kendall, FL Metropolitan Division",2016,2020,41.5,40.6,-0.021686746987951772
755,Florida,"Miami-Miami Beach-Kendall, FL Metropolitan Division",2011,2015,36.4,40.7,0.11813186813186825
756,Illinois,"Elgin, IL Metropolitan Division",2021,2025,37.6,39.1,0.03989361702127659
757,Illinois,"Elgin, IL Metropolitan Division",2016,2020,39.5,37.5,-0.05063291139240506
758,Illinois,"Elgin, IL Metropolitan Division",2011,2015,39.2,39.0,-0.005102040816326603
759,Tennessee,"Jackson, TN",2021,2025,14.6,14.9,0.020547945205479503
760,Tennessee,"Jackson, TN",2016,2020,12.9,13.4,0.03875968992248062
761,Tennessee,"Jackson, TN",2011,2015,12.0,12.5,0.041666666666666664
762,Pennsylvania,"Reading, PA",2021,2025,30.1,31.7,0.05315614617940192
763,Pennsylvania,"Reading, PA",2016,2020,30.8,29.1,-0.05519480519480517
764,Pennsylvania,"Reading, PA",2011,2015,29.7,30.9,0.04040404040404038
765,Florida,"Lakeland-Winter Haven, FL",2021,2025,18.8,20.2,0.0744680851063829
766,Florida,"Lakeland-Winter Haven, FL",2016,2020,17.1,17.9,0.04678362573099398
767,Florida,"Lakeland-Winter Haven, FL",2011,2015,14.1,17.0,0.20567375886524825
768,Texas,"Victoria, TX",2021,2025,1.8,2.1,0.16666666666666669
769,Texas,"Victoria, TX",2016,2020,2.0,1.7,-0.15000000000000002
770,Texas,"Victoria, TX",2011,2015,2.7,2.4,-0.1111111111111112
771,Texas,"Wichita Falls, TX",2021,2025,4.7,5.4,0.14893617021276598
772,Texas,"Wichita Falls, TX",2016,2020,4.8,4.3,-0.10416666666666667
773,Texas,"Wichita Falls, TX",2011,2015,5.3,5.0,-0.05660377358490563
774,Minnesota,"Duluth, MN-WI",2021,2025,8.1,8.6,0.0617283950617284
775,Minnesota,"Duluth, MN-WI",2016,2020,7.4,7.9,0.06756756756756756
776,Minnesota,"Duluth, MN-WI",2011,2015,7.2,7.3,0.01388888888888884
777,Oregon,"Bend, OR",2021,2025,8.0,8.5,0.0625
778,Oregon,"Bend, OR",2016,2020,6.9,7.2,0.04347826086956519
779,Oregon,"Bend, OR",2011,2015,5.2,6.6,0.2692307692307691
780,Mississippi,"Jackson, MS",2021,2025,26.9,26.0,-0.03345724907063192
781,Mississippi,"Jackson, MS",2016,2020,27.4,25.9,-0.05474452554744526
782,Mississippi,"Jackson, MS",2011,2015,24.2,26.4,0.09090909090909088
783,Michigan,"Battle Creek, MI",2021,2025,9.9,10.2,0.030303030303030193
784,Michigan,"Battle Creek, MI",2016,2020,12.4,10.6,-0.1451612903225807
785,Michigan,"Battle Creek, MI",2011,2015,10.5,12.3,0.17142857142857149
786,Florida,"Cape Coral-Fort Myers, FL",2021,2025,7.5,8.3,0.10666666666666676
787,Florida,"Cape Coral-Fort Myers, FL",2016,2020,6.0,6.8,0.1333333333333333
788,Florida,"Cape Coral-Fort Myers, FL",2011,2015,4.6,5.7,0.23913043478260884
789,Nebraska,"Omaha, NE-IA",2021,2025,34.0,34.6,0.017647058823529453
790,Nebraska,"Omaha, NE-IA",2016,2020,32.7,34.0,0.039755351681957096
791,Nebraska,"Omaha, NE-IA",2011,2015,31.9,32.8,0.028213166144200583
792,New Jersey,"Vineland, NJ",2021,2025,8.6,8.3,-0.03488372093023243
793,New Jersey,"Vineland, NJ",2016,2020,9.3,8.1,-0.12903225806451624
794,New Jersey,"Vineland, NJ",2011,2015,8.2,8.5,0.036585365853658625
795,Texas,"San Angelo, TX",2021,2025,3.5,4.3,0.2285714285714285
796,Texas,"San Angelo, TX",2016,2020,3.0,3.2,0.06666666666666672
797,Texas,"San Angelo, TX",2011,2015,3.9,3.4,-0.12820512820512822
798,Georgia,"Atlanta-Sandy Springs-Roswell, GA",2021,2025,173.6,181.4,0.044930875576036935
799,Georgia,"Atlanta-Sandy Springs-Roswell, GA",2016,2020,163.9,163.8,-0.0006101281269066157
800,Georgia,"Atlanta-Sandy Springs-Roswell, GA",2011,2015,145.0,159.0,0.09655172413793103
801,Wisconsin,"Madison, WI",2021,2025,38.2,36.5,-0.04450261780104719
802,Wisconsin,"Madison, WI",2016,2020,34.3,36.2,0.05539358600583107
803,Wisconsin,"Madison, WI",2011,2015,31.2,33.9,0.08653846153846152
804,Michigan,"Detroit-Warren-Dearborn, MI",2021,2025,253.2,250.2,-0.011848341232227489
805,Michigan,"Detroit-Warren-Dearborn, MI",2016,2020,251.8,244.5,-0.028991262907069146
806,Michigan,"Detroit-Warren-Dearborn, MI",2011,2015,206.9,244.3,0.18076365393910104
807,Maryland,"Frederick-Gaithersburg-Bethesda, MD Metropolitan Division",2021,2025,19.3,20.5,0.06217616580310877
808,Maryland,"Frederick-Gaithersburg-Bethesda, MD Metropolitan Division",2016,2020,17.6,18.8,0.06818181818181814
809,Maryland,"Frederick-Gaithersburg-Bethesda, MD Metropolitan Division",2011,2015,16.3,17.3,0.06134969325153374
810,New Jersey,"Newark, NJ Metropolitan Division",2021,2025,60.9,65.3,0.07224958949096878
811,New Jersey,"Newark, NJ Metropolitan Division",2016,2020,60.8,59.4,-0.023026315789473662
812,New Jersey,"Newark, NJ Metropolitan Division",2011,2015,64.7,61.8,-0.04482225656877906
813,Arkansas,"Little Rock-North Little Rock-Conway, AR",2021,2025,19.5,21.7,0.11282051282051278
814,Arkansas,"Little Rock-North Little Rock-Conway, AR",2016,2020,20.3,18.6,-0.08374384236453199
815,Arkansas,"Little Rock-North Little Rock-Conway, AR",2011,2015,19.8,20.5,0.03535353535353532
816,California,"Santa Rosa-Petaluma, CA",2021,2025,23.5,21.1,-0.10212765957446802
817,California,"Santa Rosa-Petaluma, CA",2016,2020,22.7,22.0,-0.030837004405286313
818,California,"Santa Rosa-Petaluma, CA",2011,2015,19.5,22.1,0.13333333333333341
819,Texas,"Corpus Christi, TX",2021,2025,8.2,9.2,0.12195121951219513
820,Texas,"Corpus Christi, TX",2016,2020,8.4,8.1,-0.035714285714285796
821,Texas,"Corpus Christi, TX",2011,2015,9.9,9.2,-0.07070707070707082
822,Washington,"Bremerton-Silverdale-Port Orchard, WA",2021,2025,2.9,2.6,-0.10344827586206891
823,Washington,"Bremerton-Silverdale-Port Orchard, WA",2016,2020,2.6,2.6,0.0
824,Washington,"Bremerton-Silverdale-Port Orchard, WA",2011,2015,1.8,2.6,0.4444444444444445
825,Alabama,"Mobile, AL",2021,2025,16.4,17.3,0.05487804878048794
826,Alabama,"Mobile, AL",2016,2020,19.1,17.9,-0.0628272251308902
827,Alabama,"Mobile, AL",2011,2015,17.2,19.6,0.13953488372093037
828,West Virginia,"Huntington-Ashland, WV-KY-OH",2021,2025,11.3,12.2,0.07964601769911492
829,West Virginia,"Huntington-Ashland, WV-KY-OH",2016,2020,11.2,11.4,0.017857142857142953
830,West Virginia,"Huntington-Ashland, WV-KY-OH",2011,2015,12.1,12.0,-0.008264462809917326
831,Massachusetts,"Springfield, MA",2021,2025,18.3,16.8,-0.08196721311475409
832,Massachusetts,"Springfield, MA",2016,2020,18.8,18.8,0.0
833,Massachusetts,"Springfield, MA",2011,2015,20.1,18.8,-0.06467661691542291
834,Virginia,"Richmond, VA",2021,2025,31.7,32.1,0.012618296529968522
835,Virginia,"Richmond, VA",2016,2020,31.6,30.4,-0.03797468354430389
836,Virginia,"Richmond, VA",2011,2015,30.5,31.0,0.01639344262295082
837,Texas,"College Station-Bryan, TX",2021,2025,6.0,6.2,0.03333333333333336
838,Texas,"College Station-Bryan, TX",2016,2020,5.4,5.6,0.0370370370370369
839,Texas,"College Station-Bryan, TX",2011,2015,5.3,5.5,0.03773584905660381
840,Wisconsin,"Racine-Mount Pleasant, WI",2021,2025,18.2,16.3,-0.10439560439560432
841,Wisconsin,"Racine-Mount Pleasant, WI",2016,2020,18.0,17.1,-0.04999999999999992
842,Wisconsin,"Racine-Mount Pleasant, WI",2011,2015,18.0,18.4,0.022222222222222143
843,Massachusetts,"Cambridge-Newton-Framingham, MA Metropolitan Division",2021,2025,108.9,107.4,-0.013774104683195591
844,Massachusetts,"Cambridge-Newton-Framingham, MA Metropolitan Division",2016,2020,109.9,107.6,-0.020928116469517845
845,Massachusetts,"Cambridge-Newton-Framingham, MA Metropolitan Division",2011,2015,113.5,110.2,-0.029074889867841385
846,Washington,"Seattle-Tacoma-Bellevue, WA",2021,2025,157.4,162.8,0.03430749682337996
847,Washington,"Seattle-Tacoma-Bellevue, WA",2016,2020,181.7,158.2,-0.12933406714364337
848,Washington,"Seattle-Tacoma-Bellevue, WA",2011,2015,179.7,187.8,0.04507512520868127
849,California,"Sacramento-Roseville-Folsom, CA",2021,2025,39.0,39.3,0.007692307692307619
850,California,"Sacramento-Roseville-Folsom, CA",2016,2020,35.4,35.8,0.011299435028248548
851,California,"Sacramento-Roseville-Folsom, CA",2011,2015,33.5,36.4,0.08656716417910444
852,Ohio,"Toledo, OH",2021,2025,46.0,43.1,-0.06304347826086953
853,Ohio,"Toledo, OH",2016,2020,44.9,47.8,0.06458797327394207
854,Ohio,"Toledo, OH",2011,2015,38.0,44.7,0.1763157894736843
855,New York,"Buffalo-Cheektowaga, NY",2021,2025,52.1,52.3,0.003838771593090129
856,New York,"Buffalo-Cheektowaga, NY",2016,2020,52.0,49.5,-0.04807692307692308
857,New York,"Buffalo-Cheektowaga, NY",2011,2015,51.4,52.6,0.02334630350194558
858,Massachusetts,"Pittsfield, MA",2021,2025,3.5,3.3,-0.0571428571428572
859,Massachusetts,"Pittsfield, MA",2016,2020,4.5,3.4,-0.24444444444444446
860,Massachusetts,"Pittsfield, MA",2011,2015,4.6,5.0,0.08695652173913052
861,New York,"Nassau County-Suffolk County, NY Metropolitan Division",2021,2025,69.7,68.7,-0.014347202295552367
862,New York,"Nassau County-Suffolk County, NY Metropolitan Division",2016,2020,72.3,67.5,-0.06639004149377589
863,New York,"Nassau County-Suffolk County, NY Metropolitan Division",2011,2015,74.3,71.9,-0.032301480484522097
864,New York,"Kingston, NY",2021,2025,3.4,3.4,0.0
865,New York,"Kingston, NY",2016,2020,3.4,3.2,-0.05882352941176463
866,New York,"Kingston, NY",2011,2015,3.6,3.5,-0.0277777777777778
867,Iowa,"Sioux City, IA-NE-SD",2021,2025,13.7,15.3,0.11678832116788332
868,Iowa,"Sioux City, IA-NE-SD",2016,2020,12.0,13.6,0.1333333333333333
869,Iowa,"Sioux City, IA-NE-SD",2011,2015,11.3,12.1,0.07079646017699105
870,Puerto Rico,"Aguadilla, PR",2021,2025,6.4,7.1,0.10937499999999989
871,Puerto Rico,"Aguadilla, PR",2016,2020,5.7,5.1,-0.10526315789473693
872,Puerto Rico,"Aguadilla, PR",2011,2015,5.1,5.6,0.09803921568627452
873,Utah,"St. George, UT",2021,2025,4.1,4.1,0.0
874,Utah,"St. George, UT",2016,2020,3.3,3.9,0.18181818181818185
875,Utah,"St. George, UT",2011,2015,2.4,3.2,0.3333333333333335
876,Louisiana,"Shreveport-Bossier City, LA",2021,2025,8.6,9.9,0.15116279069767452
877,Louisiana,"Shreveport-Bossier City, LA",2016,2020,9.1,8.5,-0.0659340659340659
878,Louisiana,"Shreveport-Bossier City, LA",2011,2015,10.0,9.3,-0.06999999999999992
879,Washington,"Mount Vernon-Anacortes, WA",2021,2025,5.9,6.6,0.11864406779661005
880,Washington,"Mount Vernon-Anacortes, WA",2016,2020,6.2,6.1,-0.016129032258064602
881,Washington,"Mount Vernon-Anacortes, WA",2011,2015,5.3,6.3,0.18867924528301888
882,Indiana,"Lake County-Porter County-Jasper County, IN Metropolitan Division",2021,2025,33.3,33.6,0.009009009009009137
883,Indiana,"Lake County-Porter County-Jasper County, IN Metropolitan Division",2016,2020,35.8,33.3,-0.06983240223463688
884,Indiana,"Lake County-Porter County-Jasper County, IN Metropolitan Division",2011,2015,35.9,36.2,0.008356545961002904
885,Kentucky,"Lexington-Fayette, KY",2021,2025,29.6,31.6,0.06756756756756756
886,Kentucky,"Lexington-Fayette, KY",2016,2020,31.0,28.7,-0.0741935483870968
887,Kentucky,"Lexington-Fayette, KY",2011,2015,28.7,30.9,0.07665505226480834
888,Ohio,"Dayton-Kettering-Beavercreek, OH",2021,2025,41.4,40.9,-0.012077294685990338
889,Ohio,"Dayton-Kettering-Beavercreek, OH",2016,2020,42.2,40.9,-0.03080568720379157
890,Ohio,"Dayton-Kettering-Beavercreek, OH",2011,2015,38.6,40.6,0.05181347150259067
891,New York,"Kiryas Joel-Poughkeepsie-Newburgh, NY",2021,2025,15.9,14.9,-0.06289308176100629
892,New York,"Kiryas Joel-Poughkeepsie-Newburgh, NY",2016,2020,17.0,15.6,-0.08235294117647061
893,New York,"Kiryas Joel-Poughkeepsie-Newburgh, NY",2011,2015,18.9,17.5,-0.074074074074074
894,Connecticut,"New Haven, CT",2021,2025,20.1,19.8,-0.014925373134328393
895,Connecticut,"New Haven, CT",2016,2020,20.5,19.7,-0.039024390243902474
896,Connecticut,"New Haven, CT",2011,2015,22.7,20.8,-0.0837004405286343
897,Missouri,"Joplin, MO-KS",2021,2025,15.2,16.1,0.059210526315789616
898,Missouri,"Joplin, MO-KS",2016,2020,14.0,15.1,0.07857142857142854
899,Missouri,"Joplin, MO-KS",2011,2015,14.4,14.5,0.00694444444444442
900,New York,"Glens Falls, NY",2021,2025,5.8,5.5,-0.051724137931034454
901,New York,"Glens Falls, NY",2016,2020,5.8,5.7,-0.01724137931034477
902,New York,"Glens Falls, NY",2011,2015,6.3,5.8,-0.07936507936507936
903,California,"San Francisco-San Mateo-Redwood City, CA Metropolitan Division",2021,2025,38.0,29.8,-0.2157894736842105
904,California,"San Francisco-San Mateo-Redwood City, CA Metropolitan Division",2016,2020,40.9,37.1,-0.09290953545232267
905,California,"San Francisco-San Mateo-Redwood City, CA Metropolitan Division",2011,2015,35.0,39.0,0.11428571428571428
906,Ohio,"Lima, OH",2021,2025,8.3,9.1,0.09638554216867457
907,Ohio,"Lima, OH",2016,2020,8.9,8.6,-0.0337078651685394
908,Ohio,"Lima, OH",2011,2015,7.9,8.9,0.12658227848101264
909,Maryland,"Salisbury, MD",2021,2025,3.6,3.4,-0.0555555555555556
910,Maryland,"Salisbury, MD",2016,2020,2.9,3.2,0.10344827586206906
911,Maryland,"Salisbury, MD",2011,2015,4.0,3.4,-0.15000000000000002
912,Florida,"Palm Bay-Melbourne-Titusville, FL",2021,2025,30.3,36.9,0.21782178217821774
913,Florida,"Palm Bay-Melbourne-Titusville, FL",2016,2020,23.0,29.1,0.2652173913043479
914,Florida,"Palm Bay-Melbourne-Titusville, FL",2011,2015,21.0,21.5,0.023809523809523808
915,West Virginia,"Charleston, WV",2021,2025,3.0,3.4,0.1333333333333333
916,West Virginia,"Charleston, WV",2016,2020,3.8,3.2,-0.15789473684210517
917,West Virginia,"Charleston, WV",2011,2015,3.4,3.7,0.08823529411764713
918,Rhode Island,"Providence-Warwick, RI-MA",2021,2025,63.9,63.6,-0.00469483568075113
919,Rhode Island,"Providence-Warwick, RI-MA",2016,2020,65.8,61.4,-0.06686930091185408
920,Rhode Island,"Providence-Warwick, RI-MA",2011,2015,66.4,67.2,0.012048192771084293
921,North Carolina,"Rocky Mount, NC",2021,2025,10.3,11.1,0.07766990291262126
922,North Carolina,"Rocky Mount, NC",2016,2020,11.1,10.4,-0.063063063063063
923,North Carolina,"Rocky Mount, NC",2011,2015,10.8,11.4,0.05555555555555552
924,Louisiana,"Lake Charles, LA",2021,2025,11.0,12.3,0.11818181818181825
925,Louisiana,"Lake Charles, LA",2016,2020,10.7,10.6,-0.009345794392523333
926,Louisiana,"Lake Charles, LA",2011,2015,9.2,11.1,0.20652173913043484
927,Indiana,"South Bend-Mishawaka, IN-MI",2021,2025,15.8,15.0,-0.050632911392405104
928,Indiana,"South Bend-Mishawaka, IN-MI",2016,2020,17.9,16.1,-0.10055865921787695
929,Indiana,"South Bend-Mishawaka, IN-MI",2011,2015,17.0,17.9,0.05294117647058815
930,Maryland,"Lexington Park, MD",2021,2025,0.8,0.9,0.12499999999999997
931,Maryland,"Lexington Park, MD",2016,2020,0.8,0.8,0.0
932,Maryland,"Lexington Park, MD",2011,2015,1.0,0.8,-0.19999999999999996
933,Oregon,"Grants Pass, OR",2021,2025,3.0,2.7,-0.09999999999999994
934,Oregon,"Grants Pass, OR",2016,2020,2.9,2.9,0.0
935,Oregon,"Grants Pass, OR",2011,2015,2.3,2.9,0.26086956521739135
936,Washington,"Yakima, WA",2021,2025,8.4,7.8,-0.0714285714285715
937,Washington,"Yakima, WA",2016,2020,8.2,7.9,-0.03658536585365841
938,Washington,"Yakima, WA",2011,2015,7.4,8.0,0.08108108108108103
939,Maine,"Bangor, ME",2021,2025,2.7,2.9,0.07407407407407397
940,Maine,"Bangor, ME",2016,2020,2.7,2.7,0.0
941,Maine,"Bangor, ME",2011,2015,3.7,2.8,-0.24324324324324334
942,Maine,"Lewiston-Auburn, ME",2021,2025,5.1,5.1,0.0
943,Maine,"Lewiston-Auburn, ME",2016,2020,5.1,5.0,-0.019607843137254832
944,Maine,"Lewiston-Auburn, ME",2011,2015,4.8,5.2,0.08333333333333341
945,Missouri,"St. Louis, MO-IL",2021,2025,112.7,116.3,0.03194321206743562
946,Missouri,"St. Louis, MO-IL",2016,2020,114.8,114.6,-0.0017421602787456693
947,Missouri,"St. Louis, MO-IL",2011,2015,111.2,114.6,0.030575539568345245
948,Florida,"Fort Lauderdale-Pompano Beach-Sunrise, FL Metropolitan Division",2021,2025,29.4,31.9,0.08503401360544217
949,Florida,"Fort Lauderdale-Pompano Beach-Sunrise, FL Metropolitan Division",2016,2020,27.8,28.0,0.007194244604316521
950,Florida,"Fort Lauderdale-Pompano Beach-Sunrise, FL Metropolitan Division",2011,2015,25.7,28.0,0.08949416342412454
951,Tennessee,"Cleveland, TN",2021,2025,9.0,7.8,-0.13333333333333336
952,Tennessee,"Cleveland, TN",2016,2020,9.5,8.9,-0.06315789473684207
953,Tennessee,"Cleveland, TN",2011,2015,8.2,9.7,0.1829268292682927
954,Michigan,"Bay City, MI",2021,2025,4.8,5.1,0.062499999999999965
955,Michigan,"Bay City, MI",2016,2020,4.2,4.7,0.11904761904761904
956,Michigan,"Bay City, MI",2011,2015,3.8,4.2,0.10526315789473695
957,Pennsylvania,"Pittsburgh, PA",2021,2025,85.1,86.5,0.016451233842538257
958,Pennsylvania,"Pittsburgh, PA",2016,2020,89.3,83.6,-0.06382978723404259
959,Pennsylvania,"Pittsburgh, PA",2011,2015,93.5,89.7,-0.040641711229946496
960,South Carolina,"Columbia, SC",2021,2025,33.4,31.6,-0.053892215568862194
961,South Carolina,"Columbia, SC",2016,2020,28.1,31.1,0.10676156583629892
962,South Carolina,"Columbia, SC",2011,2015,27.1,28.9,0.06642066420664196
963,Georgia,"Augusta-Richmond County, GA-SC",2021,2025,24.3,24.3,0.0
964,Georgia,"Augusta-Richmond County, GA-SC",2016,2020,21.5,23.0,0.06976744186046512
965,Georgia,"Augusta-Richmond County, GA-SC",2011,2015,20.0,21.2,0.05999999999999996
966,Washington,"Kennewick-Richland, WA",2021,2025,8.7,9.6,0.10344827586206902
967,Washington,"Kennewick-Richland, WA",2016,2020,7.2,7.6,0.05555555555555548
968,Washington,"Kennewick-Richland, WA",2011,2015,6.7,7.7,0.14925373134328357
969,Washington,"Wenatchee-East Wenatchee, WA",2021,2025,2.7,3.0,0.11111111111111104
970,Washington,"Wenatchee-East Wenatchee, WA",2016,2020,2.4,2.4,0.0
971,Washington,"Wenatchee-East Wenatchee, WA",2011,2015,2.3,2.8,0.2173913043478261
972,North Carolina,"Hickory-Lenoir-Morganton, NC",2021,2025,41.3,37.8,-0.08474576271186442
973,North Carolina,"Hickory-Lenoir-Morganton, NC",2016,2020,41.3,39.4,-0.04600484261501207
974,North Carolina,"Hickory-Lenoir-Morganton, NC",2011,2015,37.1,40.5,0.09164420485175198
975,Wisconsin,"Eau Claire, WI",2021,2025,10.9,10.3,-0.055045871559632996
976,Wisconsin,"Eau Claire, WI",2016,2020,10.4,10.6,0.019230769230769162
977,Wisconsin,"Eau Claire, WI",2011,2015,10.3,10.5,0.01941747572815527
978,North Carolina,"Greenville, NC",2021,2025,6.7,6.5,-0.029850746268656744
979,North Carolina,"Greenville, NC",2016,2020,6.4,6.6,0.03124999999999989
980,North Carolina,"Greenville, NC",2011,2015,6.5,6.3,-0.030769230769230795
981,Texas,"Laredo, TX",2021,2025,0.8,1.0,0.24999999999999994
982,Texas,"Laredo, TX",2016,2020,0.7,0.8,0.142857142857143
983,Texas,"Laredo, TX",2011,2015,0.8,0.7,-0.1250000000000001
984,Wisconsin,"Sheboygan, WI",2021,2025,21.7,21.9,0.009216589861751119
985,Wisconsin,"Sheboygan, WI",2016,2020,21.8,20.9,-0.04128440366972487
986,Wisconsin,"Sheboygan, WI",2011,2015,19.2,21.5,0.11979166666666671
987,Tennessee,"Kingsport-Bristol, TN-VA",2021,2025,20.2,20.7,0.024752475247524754
988,Tennessee,"Kingsport-Bristol, TN-VA",2016,2020,20.8,19.7,-0.052884615384615453
989,Tennessee,"Kingsport-Bristol, TN-VA",2011,2015,22.6,21.5,-0.04867256637168148
990,Oklahoma,"Lawton, OK",2021,2025,3.9,3.9,0.0
991,Oklahoma,"Lawton, OK",2016,2020,3.7,3.8,0.02702702702702693
992,Oklahoma,"Lawton, OK",2011,2015,3.7,3.6,-0.02702702702702705
993,Arizona,"Flagstaff, AZ",2021,2025,3.3,3.9,0.18181818181818185
994,Arizona,"Flagstaff, AZ",2016,2020,3.6,3.2,-0.11111111111111108
995,Arizona,"Flagstaff, AZ",2011,2015,3.2,3.5,0.09374999999999994
996,California,"San Luis Obispo-Paso Robles, CA",2021,2025,8.1,8.4,0.037037037037037125
997,California,"San Luis Obispo-Paso Robles, CA",2016,2020,6.9,7.3,0.05797101449275354
998,California,"San Luis Obispo-Paso Robles, CA",2011,2015,6.1,7.0,0.14754098360655746
999,South Dakota,"Rapid City, SD",2021,2025,2.9,2.8,-0.03448275862068969
1000,South Dakota,"Rapid City, SD",2016,2020,2.8,2.9,0.03571428571428575
1001,South Dakota,"Rapid City, SD",2011,2015,2.5,2.8,0.11999999999999993
1002,Florida,"Sebastian-Vero Beach-West Vero Corridor, FL",2021,2025,2.2,3.1,0.409090909090909
1003,Florida,"Sebastian-Vero Beach-West Vero Corridor, FL",2016,2020,1.9,2.1,0.10526315789473695
1004,Florida,"Sebastian-Vero Beach-West Vero Corridor, FL",2011,2015,1.7,1.9,0.11764705882352938
1005,West Virginia,"Parkersburg-Vienna, WV",2021,2025,2.6,2.9,0.11538461538461531
1006,West Virginia,"Parkersburg-Vienna, WV",2016,2020,2.5,2.6,0.040000000000000036
1007,West Virginia,"Parkersburg-Vienna, WV",2011,2015,3.2,2.8,-0.1250000000000001
1008,Texas,"Amarillo, TX",2021,2025,14.1,14.9,0.056737588652482324
1009,Texas,"Amarillo, TX",2016,2020,13.1,14.1,0.07633587786259542
1010,Texas,"Amarillo, TX",2011,2015,13.5,12.8,-0.0518518518518518
1011,California,"Santa Cruz-Watsonville, CA",2021,2025,7.6,8.1,0.06578947368421052
1012,California,"Santa Cruz-Watsonville, CA",2016,2020,6.3,7.1,0.12698412698412695
1013,California,"Santa Cruz-Watsonville, CA",2011,2015,4.9,6.4,0.3061224489795918
1014,Illinois,"Kankakee, IL",2021,2025,6.9,6.2,-0.10144927536231886
1015,Illinois,"Kankakee, IL",2016,2020,6.0,7.3,0.21666666666666665
1016,Illinois,"Kankakee, IL",2011,2015,5.4,5.7,0.05555555555555552
1017,New York,"New York City, NY",2021,2025,57.4,52.9,-0.07839721254355402
1018,New York,"New York City, NY",2016,2020,76.0,52.9,-0.30394736842105263
1019,New York,"New York City, NY",2011,2015,76.8,79.1,0.02994791666666663
1020,Alabama,"Auburn-Opelika, AL",2021,2025,6.8,7.8,0.14705882352941177
1021,Alabama,"Auburn-Opelika, AL",2016,2020,7.5,6.7,-0.10666666666666665
1022,Alabama,"Auburn-Opelika, AL",2011,2015,5.8,7.2,0.24137931034482765
1023,Idaho,"Lewiston, ID-WA",2021,2025,4.4,4.6,0.04545454545454529
1024,Idaho,"Lewiston, ID-WA",2016,2020,4.6,4.2,-0.08695652173913032
1025,Idaho,"Lewiston, ID-WA",2011,2015,2.8,4.2,0.5000000000000001
1026,Wyoming,"Casper, WY",2021,2025,1.7,2.1,0.2352941176470589
1027,Wyoming,"Casper, WY",2016,2020,1.3,1.5,0.1538461538461538
1028,Wyoming,"Casper, WY",2011,2015,1.9,1.5,-0.21052631578947364
1029,New Mexico,"Las Cruces, NM",2021,2025,3.0,3.2,0.06666666666666672
1030,New Mexico,"Las Cruces, NM",2016,2020,2.5,2.9,0.15999999999999998
1031,New Mexico,"Las Cruces, NM",2011,2015,3.2,2.4,-0.25000000000000006
1032,Pennsylvania,"Philadelphia-Camden-Wilmington, PA-NJ-DE-MD",2021,2025,177.1,178.5,0.007905138339920981
1033,Pennsylvania,"Philadelphia-Camden-Wilmington, PA-NJ-DE-MD",2016,2020,181.7,173.9,-0.04292790313703899
1034,Pennsylvania,"Philadelphia-Camden-Wilmington, PA-NJ-DE-MD",2011,2015,185.4,180.9,-0.024271844660194174
1035,California,"Napa, CA",2021,2025,13.0,15.9,0.22307692307692312
1036,California,"Napa, CA",2016,2020,11.6,11.7,0.008620689655172384
1037,California,"Napa, CA",2011,2015,10.3,11.3,0.0970873786407767
1038,Texas,"Fort Worth-Arlington-Grapevine, TX Metropolitan Division",2021,2025,102.6,109.2,0.06432748538011705
1039,Texas,"Fort Worth-Arlington-Grapevine, TX Metropolitan Division",2016,2020,91.5,99.3,0.08524590163934423
1040,Texas,"Fort Worth-Arlington-Grapevine, TX Metropolitan Division",2011,2015,92.3,91.8,-0.005417118093174431
1041,California,"Chico, CA",2021,2025,4.1,3.8,-0.07317073170731704
1042,California,"Chico, CA",2016,2020,4.1,3.7,-0.09756097560975598
1043,California,"Chico, CA",2011,2015,3.4,3.9,0.14705882352941177
1044,California,"Modesto, CA",2021,2025,21.4,23.0,0.074766355140187
1045,California,"Modesto, CA",2016,2020,20.2,20.9,0.03465346534653462
1046,California,"Modesto, CA",2011,2015,19.5,20.2,0.03589743589743586
1047,Hawaii,"Urban Honolulu, HI",2021,2025,9.3,9.7,0.04301075268817189
1048,Hawaii,"Urban Honolulu, HI",2016,2020,11.7,9.2,-0.2136752136752137
1049,Hawaii,"Urban Honolulu, HI",2011,2015,11.1,11.6,0.04504504504504505
1050,Pennsylvania,"Scranton--Wilkes-Barre, PA",2021,2025,28.8,30.6,0.06250000000000003
1051,Pennsylvania,"Scranton--Wilkes-Barre, PA",2016,2020,27.8,27.3,-0.017985611510791366
1052,Pennsylvania,"Scranton--Wilkes-Barre, PA",2011,2015,27.2,27.0,-0.007352941176470562
1053,Virginia,"Roanoke, VA",2021,2025,15.8,17.2,0.08860759493670876
1054,Virginia,"Roanoke, VA",2016,2020,15.3,15.3,0.0
1055,Virginia,"Roanoke, VA",2011,2015,16.5,15.5,-0.06060606060606061
1056,Ohio,"Springfield, OH",2021,2025,6.4,5.8,-0.09375000000000008
1057,Ohio,"Springfield, OH",2016,2020,6.9,6.5,-0.05797101449275367
1058,Ohio,"Springfield, OH",2011,2015,6.6,6.9,0.04545454545454557
1059,Virginia,"Charlottesville, VA",2021,2025,4.2,4.4,0.04761904761904766
1060,Virginia,"Charlottesville, VA",2016,2020,3.6,3.9,0.08333333333333329
1061,Virginia,"Charlottesville, VA",2011,2015,3.2,3.6,0.12499999999999997
1062,Texas,"Houston-Pasadena-The Woodlands, TX",2021,2025,217.9,238.1,0.09270307480495635
1063,Texas,"Houston-Pasadena-The Woodlands, TX",2016,2020,217.1,212.5,-0.02118839244587745
1064,Texas,"Houston-Pasadena-The Woodlands, TX",2011,2015,234.4,233.2,-0.0051194539249147485
1065,Ohio,"Mansfield, OH",2021,2025,9.5,9.5,0.0
1066,Ohio,"Mansfield, OH",2016,2020,9.7,9.2,-0.051546391752577324
1067,Ohio,"Mansfield, OH",2011,2015,9.2,9.7,0.05434782608695653
1068,Indiana,"Terre Haute, IN",2021,2025,9.4,10.2,0.08510638297872329
1069,Indiana,"Terre Haute, IN",2016,2020,10.6,8.8,-0.1698113207547169
1070,Indiana,"Terre Haute, IN",2011,2015,11.8,10.9,-0.07627118644067798
1071,Wisconsin,"Wausau, WI",2021,2025,18.6,18.0,-0.03225806451612911
1072,Wisconsin,"Wausau, WI",2016,2020,17.5,18.1,0.034285714285714364
1073,Wisconsin,"Wausau, WI",2011,2015,16.0,17.3,0.08125000000000004
1074,Texas,"Austin-Round Rock-San Marcos, TX",2021,2025,67.5,73.1,0.08296296296296288
1075,Texas,"Austin-Round Rock-San Marcos, TX",2016,2020,56.0,62.9,0.12321428571428569
1076,Texas,"Austin-Round Rock-San Marcos, TX",2011,2015,55.9,54.9,-0.017889087656529516
1077,Michigan,"Warren-Troy-Farmington Hills, MI Metropolitan Division",2021,2025,159.2,156.3,-0.018216080402009907
1078,Michigan,"Warren-Troy-Farmington Hills, MI Metropolitan Division",2016,2020,159.2,155.6,-0.022613065326633132
1079,Michigan,"Warren-Troy-Farmington Hills, MI Metropolitan Division",2011,2015,128.9,153.5,0.19084561675717604
1080,North Carolina,"Asheville, NC",2021,2025,19.5,19.2,-0.015384615384615422
1081,North Carolina,"Asheville, NC",2016,2020,17.9,18.5,0.03351955307262578
1082,North Carolina,"Asheville, NC",2011,2015,16.1,17.3,0.07453416149068318
1083,Missouri,"Kansas City, MO-KS",2021,2025,82.8,87.5,0.056763285024154626
1084,Missouri,"Kansas City, MO-KS",2016,2020,80.3,81.1,0.009962640099626366
1085,Missouri,"Kansas City, MO-KS",2011,2015,72.8,79.6,0.09340659340659337
1086,Oregon,"Salem, OR",2021,2025,11.7,11.4,-0.02564102564102555
1087,Oregon,"Salem, OR",2016,2020,12.9,11.8,-0.08527131782945734
1088,Oregon,"Salem, OR",2011,2015,10.8,12.4,0.1481481481481481
1089,West Virginia,"Morgantown, WV",2021,2025,3.4,1.9,-0.4411764705882353
1090,West Virginia,"Morgantown, WV",2016,2020,4.6,3.3,-0.2826086956521739
1091,West Virginia,"Morgantown, WV",2011,2015,4.1,4.5,0.0975609756097562
1092,Maryland,"Hagerstown-Martinsburg, MD-WV",2021,2025,10.1,10.6,0.04950495049504951
1093,Maryland,"Hagerstown-Martinsburg, MD-WV",2016,2020,8.1,9.8,0.20987654320987667
1094,Maryland,"Hagerstown-Martinsburg, MD-WV",2011,2015,8.3,8.2,-0.012048192771084508
1095,Pennsylvania,"Lebanon, PA",2021,2025,9.2,10.1,0.09782608695652178
1096,Pennsylvania,"Lebanon, PA",2016,2020,9.1,9.0,-0.01098901098901095
1097,Pennsylvania,"Lebanon, PA",2011,2015,9.0,8.6,-0.04444444444444448
1098,New York,"New York-Jersey City-White Plains, NY-NJ Metropolitan Division",2021,2025,135.8,131.2,-0.03387334315169383
1099,New York,"New York-Jersey City-White Plains, NY-NJ Metropolitan Division",2016,2020,158.0,129.6,-0.17974683544303802
1100,New York,"New York-Jersey City-White Plains, NY-NJ Metropolitan Division",2011,2015,162.2,160.7,-0.009247842170160296
1101,Pennsylvania,"Erie, PA",2021,2025,18.3,19.2,0.04918032786885238
1102,Pennsylvania,"Erie, PA",2016,2020,19.5,18.0,-0.07692307692307693
1103,Pennsylvania,"Erie, PA",2011,2015,22.1,21.5,-0.02714932126696839
1104,Texas,"Eagle Pass, TX",2021,2025,0.6,0.6,0.0
1105,Texas,"Eagle Pass, TX",2016,2020,0.8,0.6,-0.25000000000000006
1106,Texas,"Eagle Pass, TX",2011,2015,0.7,0.7,0.0
1107,Kentucky,"Elizabethtown, KY",2021,2025,7.3,9.2,0.26027397260273966
1108,Kentucky,"Elizabethtown, KY",2016,2020,7.8,7.2,-0.07692307692307689
1109,Kentucky,"Elizabethtown, KY",2011,2015,5.5,7.9,0.43636363636363645
1110,California,"Bakersfield-Delano, CA",2021,2025,12.6,12.9,0.023809523809523867
1111,California,"Bakersfield-Delano, CA",2016,2020,13.4,12.0,-0.10447761194029853
1112,California,"Bakersfield-Delano, CA",2011,2015,13.1,13.8,0.053435114503816876
1113,Michigan,"Muskegon-Norton Shores, MI",2021,2025,13.4,14.0,0.044776119402985044
1114,Michigan,"Muskegon-Norton Shores, MI",2016,2020,13.8,11.8,-0.14492753623188406
1115,Michigan,"Muskegon-Norton Shores, MI",2011,2015,11.8,13.7,0.16101694915254225
1116,Colorado,"Grand Junction, CO",2021,2025,3.2,3.1,-0.03125000000000003
1117,Colorado,"Grand Junction, CO",2016,2020,2.9,3.1,0.06896551724137938
1118,Colorado,"Grand Junction, CO",2011,2015,2.6,2.9,0.11538461538461531
1119,California,"Stockton-Lodi, CA",2021,2025,21.8,22.7,0.041284403669724704
1120,California,"Stockton-Lodi, CA",2016,2020,19.6,20.0,0.020408163265306048
1121,California,"Stockton-Lodi, CA",2011,2015,18.1,19.0,0.04972375690607726
1122,Florida,"Jacksonville, FL",2021,2025,33.6,36.3,0.08035714285714272
1123,Florida,"Jacksonville, FL",2016,2020,30.3,32.5,0.07260726072607258
1124,Florida,"Jacksonville, FL",2011,2015,27.6,28.7,0.039855072463768036
1125,Minnesota,"Minneapolis-St. Paul-Bloomington, MN-WI",2021,2025,198.7,204.2,0.027679919476597887
1126,Minnesota,"Minneapolis-St. Paul-Bloomington, MN-WI",2016,2020,194.7,190.7,-0.020544427324088343
1127,Minnesota,"Minneapolis-St. Paul-Bloomington, MN-WI",2011,2015,182.9,195.1,0.06670311645708031
1128,Pennsylvania,"Johnstown, PA",2021,2025,4.0,4.4,0.10000000000000009
1129,Pennsylvania,"Johnstown, PA",2016,2020,4.0,3.9,-0.025000000000000022
1130,Pennsylvania,"Johnstown, PA",2011,2015,4.2,3.9,-0.0714285714285715
1131,North Carolina,"Raleigh-Cary, NC",2021,2025,32.8,33.9,0.0335365853658537
1132,North Carolina,"Raleigh-Cary, NC",2016,2020,29.4,31.0,0.05442176870748305
1133,North Carolina,"Raleigh-Cary, NC",2011,2015,26.9,29.2,0.0855018587360595
1134,Kansas,"Topeka, KS",2021,2025,8.6,8.7,0.011627906976744146
1135,Kansas,"Topeka, KS",2016,2020,7.4,8.2,0.10810810810810796
1136,Kansas,"Topeka, KS",2011,2015,7.4,7.1,-0.04054054054054063
1137,Nevada,"Carson City, NV",2021,2025,2.6,2.8,0.07692307692307682
1138,Nevada,"Carson City, NV",2016,2020,2.6,2.5,-0.03846153846153849
1139,Nevada,"Carson City, NV",2011,2015,2.6,2.6,0.0
1140,Utah,"Logan, UT-ID",2021,2025,14.7,12.3,-0.16326530612244888
1141,Utah,"Logan, UT-ID",2016,2020,11.3,13.6,0.20353982300884946
1142,Utah,"Logan, UT-ID",2011,2015,10.9,11.3,0.03669724770642205
1143,Pennsylvania,"Lancaster, PA",2021,2025,37.6,36.9,-0.01861702127659582
1144,Pennsylvania,"Lancaster, PA",2016,2020,36.7,35.7,-0.02724795640326975
1145,Pennsylvania,"Lancaster, PA",2011,2015,35.9,36.5,0.01671309192200561
1146,Arizona,"Sierra Vista-Douglas, AZ",2021,2025,0.7,0.8,0.142857142857143
1147,Arizona,"Sierra Vista-Douglas, AZ",2016,2020,0.7,0.6,-0.14285714285714282
1148,Arizona,"Sierra Vista-Douglas, AZ",2011,2015,0.5,0.6,0.19999999999999996
1149,Wisconsin,"Appleton, WI",2021,2025,24.7,24.4,-0.01214574898785428
1150,Wisconsin,"Appleton, WI",2016,2020,23.2,24.0,0.03448275862068969
1151,Wisconsin,"Appleton, WI",2011,2015,22.6,24.1,0.0663716814159292
1152,New York,"New York-Newark-Jersey City, NY-NJ",2021,2025,327.7,329.6,0.005797985962770931
1153,New York,"New York-Newark-Jersey City, NY-NJ",2016,2020,352.2,315.6,-0.10391822827938661
1154,New York,"New York-Newark-Jersey City, NY-NJ",2011,2015,359.2,353.7,-0.015311804008908686
1155,Mississippi,"Hattiesburg, MS",2021,2025,4.8,4.3,-0.10416666666666667
1156,Mississippi,"Hattiesburg, MS",2016,2020,4.4,4.8,0.09090909090909079
1157,Mississippi,"Hattiesburg, MS",2011,2015,4.2,4.3,0.023809523809523725
1158,Florida,"Panama City-Panama City Beach, FL",2021,2025,3.2,3.6,0.12499999999999997
1159,Florida,"Panama City-Panama City Beach, FL",2016,2020,3.8,3.2,-0.15789473684210517
1160,Florida,"Panama City-Panama City Beach, FL",2011,2015,3.6,3.9,0.08333333333333329
1161,New Jersey,"Trenton-Princeton, NJ",2021,2025,10.4,10.3,-0.009615384615384581
1162,New Jersey,"Trenton-Princeton, NJ",2016,2020,10.2,10.5,0.029411764705882425
1163,New Jersey,"Trenton-Princeton, NJ",2011,2015,9.8,10.3,0.0510204081632653
1164,Georgia,"Macon-Bibb County, GA",2021,2025,6.2,7.2,0.16129032258064516
1165,Georgia,"Macon-Bibb County, GA",2016,2020,6.4,6.0,-0.06250000000000006
1166,Georgia,"Macon-Bibb County, GA",2011,2015,5.5,6.2,0.12727272727272732
1167,California,"Fresno, CA",2021,2025,29.4,30.4,0.034013605442176874
1168,California,"Fresno, CA",2016,2020,27.9,28.4,0.01792114695340502
1169,California,"Fresno, CA",2011,2015,26.4,27.9,0.05681818181818182
1170,North Carolina,"Greensboro-High Point, NC",2021,2025,51.6,46.5,-0.0988372093023256
1171,North Carolina,"Greensboro-High Point, NC",2016,2020,56.4,50.2,-0.10992907801418432
1172,North Carolina,"Greensboro-High Point, NC",2011,2015,51.9,55.6,0.07129094412331412
1173,Pennsylvania,"Gettysburg, PA",2021,2025,7.5,7.0,-0.06666666666666667
1174,Pennsylvania,"Gettysburg, PA",2016,2020,7.1,7.3,0.028169014084507067
1175,Pennsylvania,"Gettysburg, PA",2011,2015,6.4,6.9,0.078125
